blockNumber,transactionId,logIndex,tokenId,from,to
14521027,155,333,1,0x0000000000000000000000000000000000000000,0x418A9a9f182B04EE9BDC5AE0dd0B4f0976dF5Eda
14521030,105,228,2,0x0000000000000000000000000000000000000000,0x32Cc2EC897F21a77A704e9a7313af6a640c47BB5
14521030,105,229,3,0x0000000000000000000000000000000000000000,0x32Cc2EC897F21a77A704e9a7313af6a640c47BB5
14521030,105,230,4,0x0000000000000000000000000000000000000000,0x32Cc2EC897F21a77A704e9a7313af6a640c47BB5
14521030,105,231,5,0x0000000000000000000000000000000000000000,0x32Cc2EC897F21a77A704e9a7313af6a640c47BB5
14521030,105,232,6,0x0000000000000000000000000000000000000000,0x32Cc2EC897F21a77A704e9a7313af6a640c47BB5
14521030,105,233,7,0x0000000000000000000000000000000000000000,0x32Cc2EC897F21a77A704e9a7313af6a640c47BB5
14521030,105,234,8,0x0000000000000000000000000000000000000000,0x32Cc2EC897F21a77A704e9a7313af6a640c47BB5
14521030,105,235,9,0x0000000000000000000000000000000000000000,0x32Cc2EC897F21a77A704e9a7313af6a640c47BB5
14521030,105,236,10,0x0000000000000000000000000000000000000000,0x32Cc2EC897F21a77A704e9a7313af6a640c47BB5
14521030,105,237,11,0x0000000000000000000000000000000000000000,0x32Cc2EC897F21a77A704e9a7313af6a640c47BB5
14521034,34,53,12,0x0000000000000000000000000000000000000000,0x39B557A249706CAC1DFfe157cE5D25fF1791b56F
14521034,34,54,13,0x0000000000000000000000000000000000000000,0x39B557A249706CAC1DFfe157cE5D25fF1791b56F
14521034,34,55,14,0x0000000000000000000000000000000000000000,0x39B557A249706CAC1DFfe157cE5D25fF1791b56F
14521034,34,56,15,0x0000000000000000000000000000000000000000,0x39B557A249706CAC1DFfe157cE5D25fF1791b56F
14521034,34,57,16,0x0000000000000000000000000000000000000000,0x39B557A249706CAC1DFfe157cE5D25fF1791b56F
14521034,34,58,17,0x0000000000000000000000000000000000000000,0x39B557A249706CAC1DFfe157cE5D25fF1791b56F
14521034,34,59,18,0x0000000000000000000000000000000000000000,0x39B557A249706CAC1DFfe157cE5D25fF1791b56F
14521034,34,60,19,0x0000000000000000000000000000000000000000,0x39B557A249706CAC1DFfe157cE5D25fF1791b56F
14521034,34,61,20,0x0000000000000000000000000000000000000000,0x39B557A249706CAC1DFfe157cE5D25fF1791b56F
14521034,34,62,21,0x0000000000000000000000000000000000000000,0x39B557A249706CAC1DFfe157cE5D25fF1791b56F
14521034,99,134,22,0x0000000000000000000000000000000000000000,0x127fa43E17eA1a819cD07692Ee17D4F65E927564
14521035,1,6,23,0x0000000000000000000000000000000000000000,0x32Cc2EC897F21a77A704e9a7313af6a640c47BB5
14521035,1,7,24,0x0000000000000000000000000000000000000000,0x32Cc2EC897F21a77A704e9a7313af6a640c47BB5
14521035,1,8,25,0x0000000000000000000000000000000000000000,0x32Cc2EC897F21a77A704e9a7313af6a640c47BB5
14521035,1,9,26,0x0000000000000000000000000000000000000000,0x32Cc2EC897F21a77A704e9a7313af6a640c47BB5
14521035,1,10,27,0x0000000000000000000000000000000000000000,0x32Cc2EC897F21a77A704e9a7313af6a640c47BB5
14521035,1,11,28,0x0000000000000000000000000000000000000000,0x32Cc2EC897F21a77A704e9a7313af6a640c47BB5
14521035,1,12,29,0x0000000000000000000000000000000000000000,0x32Cc2EC897F21a77A704e9a7313af6a640c47BB5
14521035,1,13,30,0x0000000000000000000000000000000000000000,0x32Cc2EC897F21a77A704e9a7313af6a640c47BB5
14521035,1,14,31,0x0000000000000000000000000000000000000000,0x32Cc2EC897F21a77A704e9a7313af6a640c47BB5
14521035,1,15,32,0x0000000000000000000000000000000000000000,0x32Cc2EC897F21a77A704e9a7313af6a640c47BB5
14521035,25,42,33,0x0000000000000000000000000000000000000000,0xc3Ab4F4451d65299540242bb8Ab3C2c65154B3F6
14521039,291,435,34,0x0000000000000000000000000000000000000000,0x179891636BAeAf21c5DEA72Ff9144fc4e4f48680
14521044,14,40,35,0x0000000000000000000000000000000000000000,0x22C3378F9842792f9e240B11201E7C2F4901a408
14521045,27,25,36,0x0000000000000000000000000000000000000000,0xDf4abd11D93cba45F8bE55E3A41c1c18c6f8e9C1
14521045,28,26,37,0x0000000000000000000000000000000000000000,0x03F52a039d9665C19a771204493B53B81C9405aF
14521050,254,371,38,0x0000000000000000000000000000000000000000,0x62BA33Ccc4a404456e388456C332D871DaE7ae9e
14521050,254,372,39,0x0000000000000000000000000000000000000000,0x62BA33Ccc4a404456e388456C332D871DaE7ae9e
14521050,254,373,40,0x0000000000000000000000000000000000000000,0x62BA33Ccc4a404456e388456C332D871DaE7ae9e
14521050,254,374,41,0x0000000000000000000000000000000000000000,0x62BA33Ccc4a404456e388456C332D871DaE7ae9e
14521050,254,375,42,0x0000000000000000000000000000000000000000,0x62BA33Ccc4a404456e388456C332D871DaE7ae9e
14521050,263,441,43,0x0000000000000000000000000000000000000000,0x7302bC5b47F5588174A148C90747a88CB528A8c1
14521050,263,442,44,0x0000000000000000000000000000000000000000,0x7302bC5b47F5588174A148C90747a88CB528A8c1
14521050,263,443,45,0x0000000000000000000000000000000000000000,0x7302bC5b47F5588174A148C90747a88CB528A8c1
14521050,263,444,46,0x0000000000000000000000000000000000000000,0x7302bC5b47F5588174A148C90747a88CB528A8c1
14521050,263,445,47,0x0000000000000000000000000000000000000000,0x7302bC5b47F5588174A148C90747a88CB528A8c1
14521050,263,446,48,0x0000000000000000000000000000000000000000,0x7302bC5b47F5588174A148C90747a88CB528A8c1
14521050,263,447,49,0x0000000000000000000000000000000000000000,0x7302bC5b47F5588174A148C90747a88CB528A8c1
14521050,263,448,50,0x0000000000000000000000000000000000000000,0x7302bC5b47F5588174A148C90747a88CB528A8c1
14521050,263,449,51,0x0000000000000000000000000000000000000000,0x7302bC5b47F5588174A148C90747a88CB528A8c1
14521050,263,450,52,0x0000000000000000000000000000000000000000,0x7302bC5b47F5588174A148C90747a88CB528A8c1
14521058,143,231,53,0x0000000000000000000000000000000000000000,0xEf2e060E1569816B37bB923A911eC952b8694f42
14521058,143,232,54,0x0000000000000000000000000000000000000000,0xEf2e060E1569816B37bB923A911eC952b8694f42
14521058,143,233,55,0x0000000000000000000000000000000000000000,0xEf2e060E1569816B37bB923A911eC952b8694f42
14521058,143,234,56,0x0000000000000000000000000000000000000000,0xEf2e060E1569816B37bB923A911eC952b8694f42
14521058,143,235,57,0x0000000000000000000000000000000000000000,0xEf2e060E1569816B37bB923A911eC952b8694f42
14521059,261,344,58,0x0000000000000000000000000000000000000000,0x327F66c77330AD01CBe89DE9523811CBA0c33fE6
14521059,261,345,59,0x0000000000000000000000000000000000000000,0x327F66c77330AD01CBe89DE9523811CBA0c33fE6
14521059,261,346,60,0x0000000000000000000000000000000000000000,0x327F66c77330AD01CBe89DE9523811CBA0c33fE6
14521059,261,347,61,0x0000000000000000000000000000000000000000,0x327F66c77330AD01CBe89DE9523811CBA0c33fE6
14521059,261,348,62,0x0000000000000000000000000000000000000000,0x327F66c77330AD01CBe89DE9523811CBA0c33fE6
14521059,270,362,63,0x0000000000000000000000000000000000000000,0xab40ef5d3D86f90a5069df913edcDc4E4B99f9a6
14521059,272,367,64,0x0000000000000000000000000000000000000000,0x768058a4b0054dc1cb025889B2eFD9C2051d2Bf6
14521065,33,56,65,0x0000000000000000000000000000000000000000,0xf6910D47FbB1F5518d60C721D4189936eCd5a1b6
14521065,39,58,66,0x0000000000000000000000000000000000000000,0x418A9a9f182B04EE9BDC5AE0dd0B4f0976dF5Eda
14521072,155,123,67,0x0000000000000000000000000000000000000000,0x10665581d1ce1ef67593b7770F9fA555C9009C06
14521078,29,54,68,0x0000000000000000000000000000000000000000,0x418A9a9f182B04EE9BDC5AE0dd0B4f0976dF5Eda
14521079,69,64,69,0x0000000000000000000000000000000000000000,0xfFC88fC868A01003Fe5D3FCC389051a365d4f932
14521084,362,369,70,0x0000000000000000000000000000000000000000,0x89032c0cFF4abb9bc490dF104Ec89eff27314909
14521084,477,500,71,0x0000000000000000000000000000000000000000,0x1AC08405E96E3561893eef86F194acDB9A24D38D
14521084,480,502,72,0x0000000000000000000000000000000000000000,0xf6910D47FbB1F5518d60C721D4189936eCd5a1b6
14521084,484,513,73,0x0000000000000000000000000000000000000000,0x4defA30195094963cFAc7285d8d6E6E523c7f90D
14521084,484,514,74,0x0000000000000000000000000000000000000000,0x4defA30195094963cFAc7285d8d6E6E523c7f90D
14521084,484,515,75,0x0000000000000000000000000000000000000000,0x4defA30195094963cFAc7285d8d6E6E523c7f90D
14521084,484,516,76,0x0000000000000000000000000000000000000000,0x4defA30195094963cFAc7285d8d6E6E523c7f90D
14521084,484,517,77,0x0000000000000000000000000000000000000000,0x4defA30195094963cFAc7285d8d6E6E523c7f90D
14521084,485,518,78,0x0000000000000000000000000000000000000000,0x18aEc641D8e2b1108FF5fE048539824b5B62c8E1
14521084,488,527,79,0x0000000000000000000000000000000000000000,0x035E8A0A57f24FD10D447c6cE44524513dd6e09C
14521090,130,165,80,0x0000000000000000000000000000000000000000,0x035E8A0A57f24FD10D447c6cE44524513dd6e09C
14521094,23,20,81,0x0000000000000000000000000000000000000000,0x86Fd708A7762B5cb8625f794263516b95B22e129
14521094,27,21,82,0x0000000000000000000000000000000000000000,0x035E8A0A57f24FD10D447c6cE44524513dd6e09C
14521096,116,179,83,0x0000000000000000000000000000000000000000,0x0EDb2533655876b1656243fd6ee9B16401281df8
14521100,180,285,84,0x0000000000000000000000000000000000000000,0x89032c0cFF4abb9bc490dF104Ec89eff27314909
14521108,71,100,85,0x0000000000000000000000000000000000000000,0x86Fd708A7762B5cb8625f794263516b95B22e129
14521108,72,101,86,0x0000000000000000000000000000000000000000,0xF6f4B3d80884DCf2E602820622cafC1Bcc1F9AFE
14521114,126,109,87,0x0000000000000000000000000000000000000000,0x86Fd708A7762B5cb8625f794263516b95B22e129
14521114,296,400,88,0x0000000000000000000000000000000000000000,0x32918DBB0Dad6C0E92eBc72F024A61FB8507277E
14521114,296,401,89,0x0000000000000000000000000000000000000000,0x32918DBB0Dad6C0E92eBc72F024A61FB8507277E
14521114,296,402,90,0x0000000000000000000000000000000000000000,0x32918DBB0Dad6C0E92eBc72F024A61FB8507277E
14521114,296,403,91,0x0000000000000000000000000000000000000000,0x32918DBB0Dad6C0E92eBc72F024A61FB8507277E
14521114,296,404,92,0x0000000000000000000000000000000000000000,0x32918DBB0Dad6C0E92eBc72F024A61FB8507277E
14521123,130,207,93,0x0000000000000000000000000000000000000000,0xF9567F184dE6B1fcF617850dE093F78f6c78b0f6
14521123,130,208,94,0x0000000000000000000000000000000000000000,0xF9567F184dE6B1fcF617850dE093F78f6c78b0f6
14521123,130,209,95,0x0000000000000000000000000000000000000000,0xF9567F184dE6B1fcF617850dE093F78f6c78b0f6
14521123,130,210,96,0x0000000000000000000000000000000000000000,0xF9567F184dE6B1fcF617850dE093F78f6c78b0f6
14521123,130,211,97,0x0000000000000000000000000000000000000000,0xF9567F184dE6B1fcF617850dE093F78f6c78b0f6
14521123,130,212,98,0x0000000000000000000000000000000000000000,0xF9567F184dE6B1fcF617850dE093F78f6c78b0f6
14521123,130,213,99,0x0000000000000000000000000000000000000000,0xF9567F184dE6B1fcF617850dE093F78f6c78b0f6
14521123,130,214,100,0x0000000000000000000000000000000000000000,0xF9567F184dE6B1fcF617850dE093F78f6c78b0f6
14521123,130,215,101,0x0000000000000000000000000000000000000000,0xF9567F184dE6B1fcF617850dE093F78f6c78b0f6
14521123,130,216,102,0x0000000000000000000000000000000000000000,0xF9567F184dE6B1fcF617850dE093F78f6c78b0f6
14521126,68,137,103,0x0000000000000000000000000000000000000000,0x4dDAc376f28BE60e1F7642A4D302C6Cf6CAe1D92
14521131,248,282,104,0x0000000000000000000000000000000000000000,0x473888e67636661062daD4CFfC92a39437810313
14521134,115,130,105,0x0000000000000000000000000000000000000000,0x88923378021BeA85f9b09Ce571a309E12C7D2262
14521148,201,257,106,0x0000000000000000000000000000000000000000,0xdDe74f034163192dd2170BB56B9CAc2d45Ce0a36
14521155,160,136,107,0x0000000000000000000000000000000000000000,0x18aEc641D8e2b1108FF5fE048539824b5B62c8E1
14521158,18,16,108,0x0000000000000000000000000000000000000000,0xB0623C91c65621df716aB8aFE5f66656B21A9108
14521159,117,167,109,0x0000000000000000000000000000000000000000,0x4EBee6bA2771C19aDf9AF348985bCf06d3270d42
14521171,113,87,110,0x0000000000000000000000000000000000000000,0x6F3bA8A845D18D32bE6985650E449d7c29926F7F
14521171,113,88,111,0x0000000000000000000000000000000000000000,0x6F3bA8A845D18D32bE6985650E449d7c29926F7F
14521171,113,89,112,0x0000000000000000000000000000000000000000,0x6F3bA8A845D18D32bE6985650E449d7c29926F7F
14521171,113,90,113,0x0000000000000000000000000000000000000000,0x6F3bA8A845D18D32bE6985650E449d7c29926F7F
14521171,113,91,114,0x0000000000000000000000000000000000000000,0x6F3bA8A845D18D32bE6985650E449d7c29926F7F
14521187,114,89,115,0x0000000000000000000000000000000000000000,0x18aEc641D8e2b1108FF5fE048539824b5B62c8E1
14521191,66,96,116,0x0000000000000000000000000000000000000000,0xd0D004B4ce867785D9aB4C684f0497680AA7B6Ae
14521198,92,56,117,0x0000000000000000000000000000000000000000,0x41BF39033C732F884A52ddf38F647aD63457CEEC
14521198,92,57,118,0x0000000000000000000000000000000000000000,0x41BF39033C732F884A52ddf38F647aD63457CEEC
14521198,92,58,119,0x0000000000000000000000000000000000000000,0x41BF39033C732F884A52ddf38F647aD63457CEEC
14521198,92,59,120,0x0000000000000000000000000000000000000000,0x41BF39033C732F884A52ddf38F647aD63457CEEC
14521198,92,60,121,0x0000000000000000000000000000000000000000,0x41BF39033C732F884A52ddf38F647aD63457CEEC
14521198,92,61,122,0x0000000000000000000000000000000000000000,0x41BF39033C732F884A52ddf38F647aD63457CEEC
14521198,92,62,123,0x0000000000000000000000000000000000000000,0x41BF39033C732F884A52ddf38F647aD63457CEEC
14521198,92,63,124,0x0000000000000000000000000000000000000000,0x41BF39033C732F884A52ddf38F647aD63457CEEC
14521198,92,64,125,0x0000000000000000000000000000000000000000,0x41BF39033C732F884A52ddf38F647aD63457CEEC
14521198,92,65,126,0x0000000000000000000000000000000000000000,0x41BF39033C732F884A52ddf38F647aD63457CEEC
14521198,352,367,127,0x0000000000000000000000000000000000000000,0xc8a38F838b7951AB533be6d378ebE298fb41B25f
14521198,355,369,128,0x0000000000000000000000000000000000000000,0x767CD29fA0BeFC46690F2547a826152d67dFB189
14521206,50,90,129,0x0000000000000000000000000000000000000000,0xB0623C91c65621df716aB8aFE5f66656B21A9108
14521214,52,65,130,0x0000000000000000000000000000000000000000,0x95eE9e136f0d5EB6fb5b7b83Bd09b35e21ba55F0
14521230,34,49,131,0x0000000000000000000000000000000000000000,0xEA5338F40A649b58f15eBA78eF67262558343F03
14521240,307,393,90,0x32918DBB0Dad6C0E92eBc72F024A61FB8507277E,0xC8C758bA1DaA424F6Bb7414DC73d18f56e87F2F5
14521255,260,397,64,0x768058a4b0054dc1cb025889B2eFD9C2051d2Bf6,0xd04BfEA1366cB7965374Df4C5b66DD6d176d6906
14521261,191,133,60,0x327F66c77330AD01CBe89DE9523811CBA0c33fE6,0xd04BfEA1366cB7965374Df4C5b66DD6d176d6906
14521269,128,185,132,0x0000000000000000000000000000000000000000,0x8aDc376F33Fd467FdF3293Df4eAe7De6Fd5CcAf1
14521269,128,186,133,0x0000000000000000000000000000000000000000,0x8aDc376F33Fd467FdF3293Df4eAe7De6Fd5CcAf1
14521269,128,187,134,0x0000000000000000000000000000000000000000,0x8aDc376F33Fd467FdF3293Df4eAe7De6Fd5CcAf1
14521269,128,188,135,0x0000000000000000000000000000000000000000,0x8aDc376F33Fd467FdF3293Df4eAe7De6Fd5CcAf1
14521269,128,189,136,0x0000000000000000000000000000000000000000,0x8aDc376F33Fd467FdF3293Df4eAe7De6Fd5CcAf1
14521278,157,175,137,0x0000000000000000000000000000000000000000,0x127fa43E17eA1a819cD07692Ee17D4F65E927564
14521278,157,176,138,0x0000000000000000000000000000000000000000,0x127fa43E17eA1a819cD07692Ee17D4F65E927564
14521278,157,177,139,0x0000000000000000000000000000000000000000,0x127fa43E17eA1a819cD07692Ee17D4F65E927564
14521278,157,178,140,0x0000000000000000000000000000000000000000,0x127fa43E17eA1a819cD07692Ee17D4F65E927564
14521278,157,179,141,0x0000000000000000000000000000000000000000,0x127fa43E17eA1a819cD07692Ee17D4F65E927564
14521287,40,51,142,0x0000000000000000000000000000000000000000,0x68c3494bAd6011033d10745144B51890861422E9
14521290,71,55,143,0x0000000000000000000000000000000000000000,0xCf1DF6C3A26064A05b6437BBdF377fE46ac2d753
14521302,70,60,144,0x0000000000000000000000000000000000000000,0xdDe74f034163192dd2170BB56B9CAc2d45Ce0a36
14521343,57,74,145,0x0000000000000000000000000000000000000000,0x812DbB12a51a5173cBAE829dD451CD4A79f6a756
14521343,57,75,146,0x0000000000000000000000000000000000000000,0x812DbB12a51a5173cBAE829dD451CD4A79f6a756
14521343,57,76,147,0x0000000000000000000000000000000000000000,0x812DbB12a51a5173cBAE829dD451CD4A79f6a756
14521343,57,77,148,0x0000000000000000000000000000000000000000,0x812DbB12a51a5173cBAE829dD451CD4A79f6a756
14521343,57,78,149,0x0000000000000000000000000000000000000000,0x812DbB12a51a5173cBAE829dD451CD4A79f6a756
14521349,18,12,150,0x0000000000000000000000000000000000000000,0x87E386cEdb82CF8F080b3505ADaE1eF699e65057
14521354,116,140,151,0x0000000000000000000000000000000000000000,0xd61daEBC28274d1feaAf51F11179cd264e4105fB
14521356,88,51,152,0x0000000000000000000000000000000000000000,0x87E386cEdb82CF8F080b3505ADaE1eF699e65057
14521356,103,63,153,0x0000000000000000000000000000000000000000,0xAca3b4110403F3c4dacb35A7B3Aa0a84eFb6A3e9
14521356,103,64,154,0x0000000000000000000000000000000000000000,0xAca3b4110403F3c4dacb35A7B3Aa0a84eFb6A3e9
14521356,103,65,155,0x0000000000000000000000000000000000000000,0xAca3b4110403F3c4dacb35A7B3Aa0a84eFb6A3e9
14521356,103,66,156,0x0000000000000000000000000000000000000000,0xAca3b4110403F3c4dacb35A7B3Aa0a84eFb6A3e9
14521356,103,67,157,0x0000000000000000000000000000000000000000,0xAca3b4110403F3c4dacb35A7B3Aa0a84eFb6A3e9
14521358,65,38,158,0x0000000000000000000000000000000000000000,0x5a57107A58A0447066C376b211059352B617c3BA
14521361,54,59,159,0x0000000000000000000000000000000000000000,0x82674C58211C0134348B016810Db718b832d4233
14521361,54,60,160,0x0000000000000000000000000000000000000000,0x82674C58211C0134348B016810Db718b832d4233
14521361,54,61,161,0x0000000000000000000000000000000000000000,0x82674C58211C0134348B016810Db718b832d4233
14521361,54,62,162,0x0000000000000000000000000000000000000000,0x82674C58211C0134348B016810Db718b832d4233
14521361,54,63,163,0x0000000000000000000000000000000000000000,0x82674C58211C0134348B016810Db718b832d4233
14521363,130,88,164,0x0000000000000000000000000000000000000000,0x002e50C13897F66FF0ee29a15E01BEF313C6eb19
14521363,130,89,165,0x0000000000000000000000000000000000000000,0x002e50C13897F66FF0ee29a15E01BEF313C6eb19
14521363,130,90,166,0x0000000000000000000000000000000000000000,0x002e50C13897F66FF0ee29a15E01BEF313C6eb19
14521363,130,91,167,0x0000000000000000000000000000000000000000,0x002e50C13897F66FF0ee29a15E01BEF313C6eb19
14521363,130,92,168,0x0000000000000000000000000000000000000000,0x002e50C13897F66FF0ee29a15E01BEF313C6eb19
14521363,130,93,169,0x0000000000000000000000000000000000000000,0x002e50C13897F66FF0ee29a15E01BEF313C6eb19
14521363,130,94,170,0x0000000000000000000000000000000000000000,0x002e50C13897F66FF0ee29a15E01BEF313C6eb19
14521363,130,95,171,0x0000000000000000000000000000000000000000,0x002e50C13897F66FF0ee29a15E01BEF313C6eb19
14521363,130,96,172,0x0000000000000000000000000000000000000000,0x002e50C13897F66FF0ee29a15E01BEF313C6eb19
14521363,130,97,173,0x0000000000000000000000000000000000000000,0x002e50C13897F66FF0ee29a15E01BEF313C6eb19
14521374,57,104,174,0x0000000000000000000000000000000000000000,0x4dDAc376f28BE60e1F7642A4D302C6Cf6CAe1D92
14521376,45,193,175,0x0000000000000000000000000000000000000000,0x01C7145c01d06a026D3dDA4700b727fE62677628
14521379,123,428,176,0x0000000000000000000000000000000000000000,0x3D68BCbc90d45d2E37Bf751Cb839B9182049B483
14521388,92,69,177,0x0000000000000000000000000000000000000000,0xe525B178F1BC9c8907AFae4868F0AA74418Fa34e
14521393,279,546,178,0x0000000000000000000000000000000000000000,0x84572C31ACdd30c03982e27b809D30b1eFbCD8f2
14521393,279,547,179,0x0000000000000000000000000000000000000000,0x84572C31ACdd30c03982e27b809D30b1eFbCD8f2
14521393,279,548,180,0x0000000000000000000000000000000000000000,0x84572C31ACdd30c03982e27b809D30b1eFbCD8f2
14521393,279,549,181,0x0000000000000000000000000000000000000000,0x84572C31ACdd30c03982e27b809D30b1eFbCD8f2
14521393,279,550,182,0x0000000000000000000000000000000000000000,0x84572C31ACdd30c03982e27b809D30b1eFbCD8f2
14521393,279,551,183,0x0000000000000000000000000000000000000000,0x84572C31ACdd30c03982e27b809D30b1eFbCD8f2
14521393,279,552,184,0x0000000000000000000000000000000000000000,0x84572C31ACdd30c03982e27b809D30b1eFbCD8f2
14521393,279,553,185,0x0000000000000000000000000000000000000000,0x84572C31ACdd30c03982e27b809D30b1eFbCD8f2
14521393,279,554,186,0x0000000000000000000000000000000000000000,0x84572C31ACdd30c03982e27b809D30b1eFbCD8f2
14521393,279,555,187,0x0000000000000000000000000000000000000000,0x84572C31ACdd30c03982e27b809D30b1eFbCD8f2
14521399,34,72,188,0x0000000000000000000000000000000000000000,0x48405Fe9450401d15163C73aa929f7203C4f0529
14521402,0,0,189,0x0000000000000000000000000000000000000000,0x6ba8007bFaE4D658bB70674948DB037262f0d236
14521402,59,36,190,0x0000000000000000000000000000000000000000,0x44ddBB35CfeBbafE98e402970517b33d8e925eB3
14521402,71,45,191,0x0000000000000000000000000000000000000000,0x35Ad2d15503eF2A2698f422e4D5fa69456Bd5582
14521417,91,68,192,0x0000000000000000000000000000000000000000,0xcc80103502FDFc31e5106d11854b856B27301636
14521424,83,159,193,0x0000000000000000000000000000000000000000,0x8694EC6954a576D42e5a95488ae2C175A959f04c
14521430,90,149,194,0x0000000000000000000000000000000000000000,0x2D2c027E0d1A899a1965910Dd272bcaE1cD03c22
14521430,115,169,195,0x0000000000000000000000000000000000000000,0x94e179dEF45b2B377610eE915aC513BA17685151
14521430,115,170,196,0x0000000000000000000000000000000000000000,0x94e179dEF45b2B377610eE915aC513BA17685151
14521430,115,171,197,0x0000000000000000000000000000000000000000,0x94e179dEF45b2B377610eE915aC513BA17685151
14521430,115,172,198,0x0000000000000000000000000000000000000000,0x94e179dEF45b2B377610eE915aC513BA17685151
14521430,115,173,199,0x0000000000000000000000000000000000000000,0x94e179dEF45b2B377610eE915aC513BA17685151
14521434,10,4,200,0x0000000000000000000000000000000000000000,0x50025A3A50dA7Ae49630c5806b4411B0B7B55821
14521435,19,63,201,0x0000000000000000000000000000000000000000,0x420021031006f89eA584B01f7F5D41f8A3070b32
14521438,114,216,202,0x0000000000000000000000000000000000000000,0x420021031006f89eA584B01f7F5D41f8A3070b32
14521440,43,109,203,0x0000000000000000000000000000000000000000,0x94e179dEF45b2B377610eE915aC513BA17685151
14521440,43,110,204,0x0000000000000000000000000000000000000000,0x94e179dEF45b2B377610eE915aC513BA17685151
14521440,43,111,205,0x0000000000000000000000000000000000000000,0x94e179dEF45b2B377610eE915aC513BA17685151
14521440,43,112,206,0x0000000000000000000000000000000000000000,0x94e179dEF45b2B377610eE915aC513BA17685151
14521440,43,113,207,0x0000000000000000000000000000000000000000,0x94e179dEF45b2B377610eE915aC513BA17685151
14521475,13,47,208,0x0000000000000000000000000000000000000000,0xB618aaCb9DcDc21Ca69D310A6fC04674D293A193
14521475,13,48,209,0x0000000000000000000000000000000000000000,0xB618aaCb9DcDc21Ca69D310A6fC04674D293A193
14521475,13,49,210,0x0000000000000000000000000000000000000000,0xB618aaCb9DcDc21Ca69D310A6fC04674D293A193
14521475,13,50,211,0x0000000000000000000000000000000000000000,0xB618aaCb9DcDc21Ca69D310A6fC04674D293A193
14521475,13,51,212,0x0000000000000000000000000000000000000000,0xB618aaCb9DcDc21Ca69D310A6fC04674D293A193
14521494,25,25,213,0x0000000000000000000000000000000000000000,0x1d4B9b250B1Bd41DAA35d94BF9204Ec1b0494eE3
14521494,25,26,214,0x0000000000000000000000000000000000000000,0x1d4B9b250B1Bd41DAA35d94BF9204Ec1b0494eE3
14521494,25,27,215,0x0000000000000000000000000000000000000000,0x1d4B9b250B1Bd41DAA35d94BF9204Ec1b0494eE3
14521494,25,28,216,0x0000000000000000000000000000000000000000,0x1d4B9b250B1Bd41DAA35d94BF9204Ec1b0494eE3
14521494,25,29,217,0x0000000000000000000000000000000000000000,0x1d4B9b250B1Bd41DAA35d94BF9204Ec1b0494eE3
14521494,25,30,218,0x0000000000000000000000000000000000000000,0x1d4B9b250B1Bd41DAA35d94BF9204Ec1b0494eE3
14521494,25,31,219,0x0000000000000000000000000000000000000000,0x1d4B9b250B1Bd41DAA35d94BF9204Ec1b0494eE3
14521494,25,32,220,0x0000000000000000000000000000000000000000,0x1d4B9b250B1Bd41DAA35d94BF9204Ec1b0494eE3
14521494,25,33,221,0x0000000000000000000000000000000000000000,0x1d4B9b250B1Bd41DAA35d94BF9204Ec1b0494eE3
14521494,25,34,222,0x0000000000000000000000000000000000000000,0x1d4B9b250B1Bd41DAA35d94BF9204Ec1b0494eE3
14521494,48,56,223,0x0000000000000000000000000000000000000000,0xA6041d71cf98A3c49F47D124FDc8CEBdAbDa660A
14521504,356,317,224,0x0000000000000000000000000000000000000000,0x70981969Fb2eE716f8297B0736a80a908EF842a8
14521524,176,392,225,0x0000000000000000000000000000000000000000,0x0bb23043Cf140a0F60eb931FFF04993866e58401
14521533,75,61,226,0x0000000000000000000000000000000000000000,0x99690ee907E421CcEEC2249Bb1690E08044de258
14521538,44,94,227,0x0000000000000000000000000000000000000000,0x0e442C7D7db830276EcC7292Bc57456309Fe1522
14521538,44,95,228,0x0000000000000000000000000000000000000000,0x0e442C7D7db830276EcC7292Bc57456309Fe1522
14521538,44,96,229,0x0000000000000000000000000000000000000000,0x0e442C7D7db830276EcC7292Bc57456309Fe1522
14521538,44,97,230,0x0000000000000000000000000000000000000000,0x0e442C7D7db830276EcC7292Bc57456309Fe1522
14521538,44,98,231,0x0000000000000000000000000000000000000000,0x0e442C7D7db830276EcC7292Bc57456309Fe1522
14521538,44,99,232,0x0000000000000000000000000000000000000000,0x0e442C7D7db830276EcC7292Bc57456309Fe1522
14521538,44,100,233,0x0000000000000000000000000000000000000000,0x0e442C7D7db830276EcC7292Bc57456309Fe1522
14521538,44,101,234,0x0000000000000000000000000000000000000000,0x0e442C7D7db830276EcC7292Bc57456309Fe1522
14521538,44,102,235,0x0000000000000000000000000000000000000000,0x0e442C7D7db830276EcC7292Bc57456309Fe1522
14521538,44,103,236,0x0000000000000000000000000000000000000000,0x0e442C7D7db830276EcC7292Bc57456309Fe1522
14521605,225,358,237,0x0000000000000000000000000000000000000000,0x874df3ddA021045F17542593e161c2C7366Ae266
14521612,24,16,238,0x0000000000000000000000000000000000000000,0xe43A5Bda37e98A9fb6F40Bdee4147C7D0C5a7dDE
14521645,14,11,239,0x0000000000000000000000000000000000000000,0x0EDb2533655876b1656243fd6ee9B16401281df8
14521646,108,205,240,0x0000000000000000000000000000000000000000,0xd7D4F4d454e624889bC5617f177DC0b4719bf94E
14521654,195,249,241,0x0000000000000000000000000000000000000000,0xd7D4F4d454e624889bC5617f177DC0b4719bf94E
14521657,428,376,242,0x0000000000000000000000000000000000000000,0xE0Dd8C40ACC74005C71CE5d02Cd5116A2eEDB1b0
14521668,140,189,243,0x0000000000000000000000000000000000000000,0xE0Dd8C40ACC74005C71CE5d02Cd5116A2eEDB1b0
14521695,364,572,244,0x0000000000000000000000000000000000000000,0x757666F114BCfA12860992fCbcc4fB8517AE05E8
14521709,217,352,245,0x0000000000000000000000000000000000000000,0x8Bfd22d7fa34839447af3B4ED35B847DE5882dC5
14521709,217,353,246,0x0000000000000000000000000000000000000000,0x8Bfd22d7fa34839447af3B4ED35B847DE5882dC5
14521709,217,354,247,0x0000000000000000000000000000000000000000,0x8Bfd22d7fa34839447af3B4ED35B847DE5882dC5
14521709,217,355,248,0x0000000000000000000000000000000000000000,0x8Bfd22d7fa34839447af3B4ED35B847DE5882dC5
14521709,217,356,249,0x0000000000000000000000000000000000000000,0x8Bfd22d7fa34839447af3B4ED35B847DE5882dC5
14521726,61,87,250,0x0000000000000000000000000000000000000000,0xE128ed1B60372C406A871C4CBc5067Bc8684255a
14521728,195,340,251,0x0000000000000000000000000000000000000000,0xE128ed1B60372C406A871C4CBc5067Bc8684255a
14521759,23,36,252,0x0000000000000000000000000000000000000000,0xDCd51ab58432d2D068E4039Aee8cfEb71AF3efDe
14521759,25,37,253,0x0000000000000000000000000000000000000000,0x7e8dA72bA1656F62a5a07B18b23E5d23BcD5ed3d
14521770,54,109,254,0x0000000000000000000000000000000000000000,0x117270AF0fBE64Be787131bea92F5b0531509890
14521835,69,117,255,0x0000000000000000000000000000000000000000,0x0d1F2c041b7f9702903B89057c1f57f1F01a79aF
14521856,36,167,256,0x0000000000000000000000000000000000000000,0x000422A87D6882570CA0F510E8756B20ee125000
14521868,25,94,257,0x0000000000000000000000000000000000000000,0xf4b47A56a976CCe9041EeEc3d985796627a5CD53
14521872,20,68,258,0x0000000000000000000000000000000000000000,0x21426471eBF0b7db0F07216d81a897B5F5554394
14521872,20,69,259,0x0000000000000000000000000000000000000000,0x21426471eBF0b7db0F07216d81a897B5F5554394
14521872,20,70,260,0x0000000000000000000000000000000000000000,0x21426471eBF0b7db0F07216d81a897B5F5554394
14521872,20,71,261,0x0000000000000000000000000000000000000000,0x21426471eBF0b7db0F07216d81a897B5F5554394
14521872,20,72,262,0x0000000000000000000000000000000000000000,0x21426471eBF0b7db0F07216d81a897B5F5554394
14521892,134,203,263,0x0000000000000000000000000000000000000000,0x6BD662F8b7258D0e371E18A23d509D045e486635
14521892,134,204,264,0x0000000000000000000000000000000000000000,0x6BD662F8b7258D0e371E18A23d509D045e486635
14521892,134,205,265,0x0000000000000000000000000000000000000000,0x6BD662F8b7258D0e371E18A23d509D045e486635
14521892,134,206,266,0x0000000000000000000000000000000000000000,0x6BD662F8b7258D0e371E18A23d509D045e486635
14521892,134,207,267,0x0000000000000000000000000000000000000000,0x6BD662F8b7258D0e371E18A23d509D045e486635
14521892,134,208,268,0x0000000000000000000000000000000000000000,0x6BD662F8b7258D0e371E18A23d509D045e486635
14521892,134,209,269,0x0000000000000000000000000000000000000000,0x6BD662F8b7258D0e371E18A23d509D045e486635
14521892,134,210,270,0x0000000000000000000000000000000000000000,0x6BD662F8b7258D0e371E18A23d509D045e486635
14521892,134,211,271,0x0000000000000000000000000000000000000000,0x6BD662F8b7258D0e371E18A23d509D045e486635
14521892,134,212,272,0x0000000000000000000000000000000000000000,0x6BD662F8b7258D0e371E18A23d509D045e486635
14521915,93,149,273,0x0000000000000000000000000000000000000000,0x829004098cFd973A574a7c18dce5CD10EAa96Cb0
14521921,21,49,274,0x0000000000000000000000000000000000000000,0x21426471eBF0b7db0F07216d81a897B5F5554394
14521921,21,50,275,0x0000000000000000000000000000000000000000,0x21426471eBF0b7db0F07216d81a897B5F5554394
14521921,21,51,276,0x0000000000000000000000000000000000000000,0x21426471eBF0b7db0F07216d81a897B5F5554394
14521921,21,52,277,0x0000000000000000000000000000000000000000,0x21426471eBF0b7db0F07216d81a897B5F5554394
14521921,21,53,278,0x0000000000000000000000000000000000000000,0x21426471eBF0b7db0F07216d81a897B5F5554394
14521945,42,26,279,0x0000000000000000000000000000000000000000,0x9451D4Afd062b337704Df4356168bf553bF29AA7
14521967,23,84,280,0x0000000000000000000000000000000000000000,0x9D16ceDC91b859F2e03d94F479994f795F422e27
14521969,124,194,281,0x0000000000000000000000000000000000000000,0xB689bA113effd47d38CfF88A682465945bd80829
14521969,124,195,282,0x0000000000000000000000000000000000000000,0xB689bA113effd47d38CfF88A682465945bd80829
14521969,124,196,283,0x0000000000000000000000000000000000000000,0xB689bA113effd47d38CfF88A682465945bd80829
14521969,124,197,284,0x0000000000000000000000000000000000000000,0xB689bA113effd47d38CfF88A682465945bd80829
14521969,124,198,285,0x0000000000000000000000000000000000000000,0xB689bA113effd47d38CfF88A682465945bd80829
14521986,115,166,257,0xf4b47A56a976CCe9041EeEc3d985796627a5CD53,0xb09A022D4114696324A54a80e6a62A24f8E38599
14522021,34,47,286,0x0000000000000000000000000000000000000000,0xdcbe2EDb494a5816Fb234b2407877149291d8bA4
14522029,71,104,287,0x0000000000000000000000000000000000000000,0xC1E549320f048D8149d5B0cB9Cb268dA59f1F2aD
14522066,39,88,288,0x0000000000000000000000000000000000000000,0x094F8EECDf916aA47E5382c1c1E83888bCC03dfF
14522099,17,10,289,0x0000000000000000000000000000000000000000,0x4aAd47CF429dc976079648F739e094Aa21350B56
14522099,17,11,290,0x0000000000000000000000000000000000000000,0x4aAd47CF429dc976079648F739e094Aa21350B56
14522099,17,12,291,0x0000000000000000000000000000000000000000,0x4aAd47CF429dc976079648F739e094Aa21350B56
14522099,17,13,292,0x0000000000000000000000000000000000000000,0x4aAd47CF429dc976079648F739e094Aa21350B56
14522099,17,14,293,0x0000000000000000000000000000000000000000,0x4aAd47CF429dc976079648F739e094Aa21350B56
14522196,179,269,294,0x0000000000000000000000000000000000000000,0x00C994c17976B06b6A7b22460E9001ECdb25c511
14522225,150,292,295,0x0000000000000000000000000000000000000000,0x265D5CEDbCecf2a70E78D31D0AcC7BE8617de7B9
14522254,397,537,296,0x0000000000000000000000000000000000000000,0x059bD6c13F6994618482B0079B72819cD8667419
14522258,73,148,297,0x0000000000000000000000000000000000000000,0x4dDAc376f28BE60e1F7642A4D302C6Cf6CAe1D92
14522304,71,113,298,0x0000000000000000000000000000000000000000,0xA8Bf863EB8Ec81449D164BD6124b3b718cC2c82B
14522327,88,182,299,0x0000000000000000000000000000000000000000,0x54fD81D1A6F56286026d36312E208ffd25BD0426
14522332,58,130,300,0x0000000000000000000000000000000000000000,0x7373087E3901DA42A29AA5d585F9343385Fc2908
14522332,58,131,301,0x0000000000000000000000000000000000000000,0x7373087E3901DA42A29AA5d585F9343385Fc2908
14522332,58,132,302,0x0000000000000000000000000000000000000000,0x7373087E3901DA42A29AA5d585F9343385Fc2908
14522332,58,133,303,0x0000000000000000000000000000000000000000,0x7373087E3901DA42A29AA5d585F9343385Fc2908
14522332,58,134,304,0x0000000000000000000000000000000000000000,0x7373087E3901DA42A29AA5d585F9343385Fc2908
14522351,25,100,305,0x0000000000000000000000000000000000000000,0x7C3db7eeE60FAD212D6BBcd256FAC8782a21b5fF
14522360,18,107,306,0x0000000000000000000000000000000000000000,0xB72f37f5bC3EFeA93904883CD609B14fB13196B3
14522432,26,34,307,0x0000000000000000000000000000000000000000,0xbA993c1FeE51a4A937bB6a8b7b74cD8DfFDCA1A4
14522517,18,25,308,0x0000000000000000000000000000000000000000,0xB32B4350C25141e779D392C1DBe857b62b60B4c9
14522517,18,26,309,0x0000000000000000000000000000000000000000,0xB32B4350C25141e779D392C1DBe857b62b60B4c9
14522517,18,27,310,0x0000000000000000000000000000000000000000,0xB32B4350C25141e779D392C1DBe857b62b60B4c9
14522517,18,28,311,0x0000000000000000000000000000000000000000,0xB32B4350C25141e779D392C1DBe857b62b60B4c9
14522517,18,29,312,0x0000000000000000000000000000000000000000,0xB32B4350C25141e779D392C1DBe857b62b60B4c9
14522524,401,446,313,0x0000000000000000000000000000000000000000,0x49C233D25768E462F0474390F653BAF40DD592b2
14522524,401,447,314,0x0000000000000000000000000000000000000000,0x49C233D25768E462F0474390F653BAF40DD592b2
14522524,401,448,315,0x0000000000000000000000000000000000000000,0x49C233D25768E462F0474390F653BAF40DD592b2
14522524,401,449,316,0x0000000000000000000000000000000000000000,0x49C233D25768E462F0474390F653BAF40DD592b2
14522524,401,450,317,0x0000000000000000000000000000000000000000,0x49C233D25768E462F0474390F653BAF40DD592b2
14522524,401,451,318,0x0000000000000000000000000000000000000000,0x49C233D25768E462F0474390F653BAF40DD592b2
14522524,401,452,319,0x0000000000000000000000000000000000000000,0x49C233D25768E462F0474390F653BAF40DD592b2
14522524,401,453,320,0x0000000000000000000000000000000000000000,0x49C233D25768E462F0474390F653BAF40DD592b2
14522524,401,454,321,0x0000000000000000000000000000000000000000,0x49C233D25768E462F0474390F653BAF40DD592b2
14522524,401,455,322,0x0000000000000000000000000000000000000000,0x49C233D25768E462F0474390F653BAF40DD592b2
14522532,78,87,323,0x0000000000000000000000000000000000000000,0x6564f96bE476A430Dede03EcD7352Be33B12FC0F
14522566,83,70,324,0x0000000000000000000000000000000000000000,0x235fB978Fce02C0d4f712dA59af9Ac730CA86372
14522566,83,71,325,0x0000000000000000000000000000000000000000,0x235fB978Fce02C0d4f712dA59af9Ac730CA86372
14522566,83,72,326,0x0000000000000000000000000000000000000000,0x235fB978Fce02C0d4f712dA59af9Ac730CA86372
14522566,83,73,327,0x0000000000000000000000000000000000000000,0x235fB978Fce02C0d4f712dA59af9Ac730CA86372
14522566,83,74,328,0x0000000000000000000000000000000000000000,0x235fB978Fce02C0d4f712dA59af9Ac730CA86372
14522576,52,129,329,0x0000000000000000000000000000000000000000,0xb0086CEd87CeD727E01c3b15E54D7Ef04301aC31
14522576,52,130,330,0x0000000000000000000000000000000000000000,0xb0086CEd87CeD727E01c3b15E54D7Ef04301aC31
14522576,52,131,331,0x0000000000000000000000000000000000000000,0xb0086CEd87CeD727E01c3b15E54D7Ef04301aC31
14522576,52,132,332,0x0000000000000000000000000000000000000000,0xb0086CEd87CeD727E01c3b15E54D7Ef04301aC31
14522576,52,133,333,0x0000000000000000000000000000000000000000,0xb0086CEd87CeD727E01c3b15E54D7Ef04301aC31
14522611,10,66,334,0x0000000000000000000000000000000000000000,0x5B443cD7739B4eb26b7dB17f9ee556d75a069401
14522611,10,67,335,0x0000000000000000000000000000000000000000,0x5B443cD7739B4eb26b7dB17f9ee556d75a069401
14522611,10,68,336,0x0000000000000000000000000000000000000000,0x5B443cD7739B4eb26b7dB17f9ee556d75a069401
14522611,10,69,337,0x0000000000000000000000000000000000000000,0x5B443cD7739B4eb26b7dB17f9ee556d75a069401
14522611,10,70,338,0x0000000000000000000000000000000000000000,0x5B443cD7739B4eb26b7dB17f9ee556d75a069401
14522618,206,309,339,0x0000000000000000000000000000000000000000,0x462341D8BDD3a87b9Aa5b8aa95CBdDDfdAC17faA
14522625,304,571,340,0x0000000000000000000000000000000000000000,0x3BA3D09f70CED571FE3F629Adc234e200ef5EA46
14522632,93,166,341,0x0000000000000000000000000000000000000000,0x24d1bc061500bdb143176544B48f905580dEd6df
14522657,76,224,342,0x0000000000000000000000000000000000000000,0xa0244DDDF2F2Ce56998bC8246eccd2c4Ed3FD482
14522680,23,60,343,0x0000000000000000000000000000000000000000,0x3e1F1fc109B0130a8ba13a1546C713D030B8613f
14522680,23,61,344,0x0000000000000000000000000000000000000000,0x3e1F1fc109B0130a8ba13a1546C713D030B8613f
14522680,23,62,345,0x0000000000000000000000000000000000000000,0x3e1F1fc109B0130a8ba13a1546C713D030B8613f
14522680,23,63,346,0x0000000000000000000000000000000000000000,0x3e1F1fc109B0130a8ba13a1546C713D030B8613f
14522680,23,64,347,0x0000000000000000000000000000000000000000,0x3e1F1fc109B0130a8ba13a1546C713D030B8613f
14522680,23,65,348,0x0000000000000000000000000000000000000000,0x3e1F1fc109B0130a8ba13a1546C713D030B8613f
14522680,23,66,349,0x0000000000000000000000000000000000000000,0x3e1F1fc109B0130a8ba13a1546C713D030B8613f
14522680,23,67,350,0x0000000000000000000000000000000000000000,0x3e1F1fc109B0130a8ba13a1546C713D030B8613f
14522680,23,68,351,0x0000000000000000000000000000000000000000,0x3e1F1fc109B0130a8ba13a1546C713D030B8613f
14522680,23,69,352,0x0000000000000000000000000000000000000000,0x3e1F1fc109B0130a8ba13a1546C713D030B8613f
14522689,159,230,353,0x0000000000000000000000000000000000000000,0x01C7145c01d06a026D3dDA4700b727fE62677628
14522789,81,130,354,0x0000000000000000000000000000000000000000,0x20aFcE66Cb60fB3eFB33106cb9EAb28F74649C8a
14522835,138,178,355,0x0000000000000000000000000000000000000000,0x55b451320A34CE88Fc8F1A1D9156e2AeB8aaD6Cb
14522906,307,500,356,0x0000000000000000000000000000000000000000,0x4dDAc376f28BE60e1F7642A4D302C6Cf6CAe1D92
14523034,56,98,357,0x0000000000000000000000000000000000000000,0x2274091DAad5B7bF734f426B9aA8513955075b9E
14523142,221,481,358,0x0000000000000000000000000000000000000000,0x9cFff888c9b386D16824b114D6d77CEe88DD512F
14523142,221,482,359,0x0000000000000000000000000000000000000000,0x9cFff888c9b386D16824b114D6d77CEe88DD512F
14523142,221,483,360,0x0000000000000000000000000000000000000000,0x9cFff888c9b386D16824b114D6d77CEe88DD512F
14523142,221,484,361,0x0000000000000000000000000000000000000000,0x9cFff888c9b386D16824b114D6d77CEe88DD512F
14523142,221,485,362,0x0000000000000000000000000000000000000000,0x9cFff888c9b386D16824b114D6d77CEe88DD512F
14523218,45,93,363,0x0000000000000000000000000000000000000000,0x0bb23043Cf140a0F60eb931FFF04993866e58401
14523218,46,94,364,0x0000000000000000000000000000000000000000,0x0bb23043Cf140a0F60eb931FFF04993866e58401
14523896,164,117,365,0x0000000000000000000000000000000000000000,0x9cf715C5dC26a6618B2b012408721b9Ff2733D0c
14523901,22,31,366,0x0000000000000000000000000000000000000000,0xeF40c4bF712CF78d217f480D8EDB27568c165cb9
14524117,60,78,103,0x4dDAc376f28BE60e1F7642A4D302C6Cf6CAe1D92,0x376bCa2e2207281Ea5237bCC33Ce2927A9Bc06F4
14524122,22,39,367,0x0000000000000000000000000000000000000000,0xF3D9281fa183B74F32B96E1c5244596045f4edE8
14524295,78,107,368,0x0000000000000000000000000000000000000000,0x3e1F1fc109B0130a8ba13a1546C713D030B8613f
14524295,78,108,369,0x0000000000000000000000000000000000000000,0x3e1F1fc109B0130a8ba13a1546C713D030B8613f
14524295,78,109,370,0x0000000000000000000000000000000000000000,0x3e1F1fc109B0130a8ba13a1546C713D030B8613f
14524295,78,110,371,0x0000000000000000000000000000000000000000,0x3e1F1fc109B0130a8ba13a1546C713D030B8613f
14524295,78,111,372,0x0000000000000000000000000000000000000000,0x3e1F1fc109B0130a8ba13a1546C713D030B8613f
14524295,78,112,373,0x0000000000000000000000000000000000000000,0x3e1F1fc109B0130a8ba13a1546C713D030B8613f
14524295,78,113,374,0x0000000000000000000000000000000000000000,0x3e1F1fc109B0130a8ba13a1546C713D030B8613f
14524295,78,114,375,0x0000000000000000000000000000000000000000,0x3e1F1fc109B0130a8ba13a1546C713D030B8613f
14524295,78,115,376,0x0000000000000000000000000000000000000000,0x3e1F1fc109B0130a8ba13a1546C713D030B8613f
14524295,78,116,377,0x0000000000000000000000000000000000000000,0x3e1F1fc109B0130a8ba13a1546C713D030B8613f
14524399,96,212,378,0x0000000000000000000000000000000000000000,0x60c0cE0943115aea52f1979719A9cCA43ED104EE
14524534,213,130,379,0x0000000000000000000000000000000000000000,0x593066bc91d6680276Cd6A1973666BC178dFB032
14524562,90,192,380,0x0000000000000000000000000000000000000000,0xC41CfcEc2b5f65A2c6bF70869cbC116Aa0ec0Ada
14524840,25,19,297,0x4dDAc376f28BE60e1F7642A4D302C6Cf6CAe1D92,0xC690D326aA37E6A518D3eCc15bB7fF2cD72089E3
14524993,47,81,381,0x0000000000000000000000000000000000000000,0xAE883B12d9fbc702869C13d7876a69cBBF05Efad
14525150,172,317,382,0x0000000000000000000000000000000000000000,0x8149DC18D39FDBa137E43C871e7801E7CF566D41
14525358,49,90,383,0x0000000000000000000000000000000000000000,0x09d1fb4f59fDce6aB1a7d31f1309864C5a818b17
14525364,156,254,384,0x0000000000000000000000000000000000000000,0xDC4471ee9DFcA619Ac5465FdE7CF2634253a9dc6
14525407,201,196,385,0x0000000000000000000000000000000000000000,0xda1D4Bd894709DbD9a140c05bdaedd19afE7fb00
14525747,35,31,386,0x0000000000000000000000000000000000000000,0xdDc736AC67546c06F004dFD981BBd6AF089C360f
14525747,35,32,387,0x0000000000000000000000000000000000000000,0xdDc736AC67546c06F004dFD981BBd6AF089C360f
14525747,35,33,388,0x0000000000000000000000000000000000000000,0xdDc736AC67546c06F004dFD981BBd6AF089C360f
14525747,35,34,389,0x0000000000000000000000000000000000000000,0xdDc736AC67546c06F004dFD981BBd6AF089C360f
14525747,35,35,390,0x0000000000000000000000000000000000000000,0xdDc736AC67546c06F004dFD981BBd6AF089C360f
14526338,125,333,391,0x0000000000000000000000000000000000000000,0x92F520a8E10B63DB30FD2Be4A6a64E62D79477Ff
14526442,48,73,392,0x0000000000000000000000000000000000000000,0xF985ed4DB48Fd2D5C52D65FA72ED5771713c77A7
14526515,90,93,393,0x0000000000000000000000000000000000000000,0xC1a2036c68C707c1B929607D3F6A0f330A893846
14526523,178,131,394,0x0000000000000000000000000000000000000000,0x4EfeceA2A42E1E73737e4dda7234e999A84Ca60B
14526730,99,146,395,0x0000000000000000000000000000000000000000,0x52380Ae129Ee629dBeC9a23b9cC1C62614882463
14526730,99,147,396,0x0000000000000000000000000000000000000000,0x52380Ae129Ee629dBeC9a23b9cC1C62614882463
14526730,99,148,397,0x0000000000000000000000000000000000000000,0x52380Ae129Ee629dBeC9a23b9cC1C62614882463
14526730,99,149,398,0x0000000000000000000000000000000000000000,0x52380Ae129Ee629dBeC9a23b9cC1C62614882463
14526730,99,150,399,0x0000000000000000000000000000000000000000,0x52380Ae129Ee629dBeC9a23b9cC1C62614882463
14526762,212,248,400,0x0000000000000000000000000000000000000000,0x4dDAc376f28BE60e1F7642A4D302C6Cf6CAe1D92
14527317,27,68,401,0x0000000000000000000000000000000000000000,0x9B32bf5D8D88Dd5CEF0D32cDFFf2eAB50d2e04b3
14527394,56,91,402,0x0000000000000000000000000000000000000000,0x21258055dfd7a287DCC224E3586210F1864c1996
14527394,56,92,403,0x0000000000000000000000000000000000000000,0x21258055dfd7a287DCC224E3586210F1864c1996
14527394,56,93,404,0x0000000000000000000000000000000000000000,0x21258055dfd7a287DCC224E3586210F1864c1996
14527394,56,94,405,0x0000000000000000000000000000000000000000,0x21258055dfd7a287DCC224E3586210F1864c1996
14527394,56,95,406,0x0000000000000000000000000000000000000000,0x21258055dfd7a287DCC224E3586210F1864c1996
14528873,39,102,200,0x50025A3A50dA7Ae49630c5806b4411B0B7B55821,0x079fEb902D2Bb3105ddac13130dFbd50eA753bE2
14530202,11,65,407,0x0000000000000000000000000000000000000000,0x7f93B033D18dcA9fD2BA4CbF2bf73A2DF840756c
14531678,33,56,408,0x0000000000000000000000000000000000000000,0x3e1F1fc109B0130a8ba13a1546C713D030B8613f
14531678,33,57,409,0x0000000000000000000000000000000000000000,0x3e1F1fc109B0130a8ba13a1546C713D030B8613f
14531678,33,58,410,0x0000000000000000000000000000000000000000,0x3e1F1fc109B0130a8ba13a1546C713D030B8613f
14531678,33,59,411,0x0000000000000000000000000000000000000000,0x3e1F1fc109B0130a8ba13a1546C713D030B8613f
14531678,33,60,412,0x0000000000000000000000000000000000000000,0x3e1F1fc109B0130a8ba13a1546C713D030B8613f
14531678,33,61,413,0x0000000000000000000000000000000000000000,0x3e1F1fc109B0130a8ba13a1546C713D030B8613f
14531678,33,62,414,0x0000000000000000000000000000000000000000,0x3e1F1fc109B0130a8ba13a1546C713D030B8613f
14531678,33,63,415,0x0000000000000000000000000000000000000000,0x3e1F1fc109B0130a8ba13a1546C713D030B8613f
14531678,33,64,416,0x0000000000000000000000000000000000000000,0x3e1F1fc109B0130a8ba13a1546C713D030B8613f
14531678,33,65,417,0x0000000000000000000000000000000000000000,0x3e1F1fc109B0130a8ba13a1546C713D030B8613f
14531770,127,186,418,0x0000000000000000000000000000000000000000,0x3e1F1fc109B0130a8ba13a1546C713D030B8613f
14531770,127,187,419,0x0000000000000000000000000000000000000000,0x3e1F1fc109B0130a8ba13a1546C713D030B8613f
14531770,127,188,420,0x0000000000000000000000000000000000000000,0x3e1F1fc109B0130a8ba13a1546C713D030B8613f
14531770,127,189,421,0x0000000000000000000000000000000000000000,0x3e1F1fc109B0130a8ba13a1546C713D030B8613f
14531770,127,190,422,0x0000000000000000000000000000000000000000,0x3e1F1fc109B0130a8ba13a1546C713D030B8613f
14534629,6,15,423,0x0000000000000000000000000000000000000000,0x5Aa8065009B363CD7c026390cc63A5531445bB3B
14534629,6,16,424,0x0000000000000000000000000000000000000000,0x5Aa8065009B363CD7c026390cc63A5531445bB3B
14534629,6,17,425,0x0000000000000000000000000000000000000000,0x5Aa8065009B363CD7c026390cc63A5531445bB3B
14534629,6,18,426,0x0000000000000000000000000000000000000000,0x5Aa8065009B363CD7c026390cc63A5531445bB3B
14534629,6,19,427,0x0000000000000000000000000000000000000000,0x5Aa8065009B363CD7c026390cc63A5531445bB3B
14534696,98,169,400,0x4dDAc376f28BE60e1F7642A4D302C6Cf6CAe1D92,0xBB02186bF46f30479f20bBcF5C63D98c624D1698
14534703,144,281,356,0x4dDAc376f28BE60e1F7642A4D302C6Cf6CAe1D92,0xBB02186bF46f30479f20bBcF5C63D98c624D1698
14537767,74,138,428,0x0000000000000000000000000000000000000000,0xe9e9B22B65F17808880f726334BAAfAA8A124Fa8
14540369,74,180,429,0x0000000000000000000000000000000000000000,0x1d4B9b250B1Bd41DAA35d94BF9204Ec1b0494eE3
14540369,74,181,430,0x0000000000000000000000000000000000000000,0x1d4B9b250B1Bd41DAA35d94BF9204Ec1b0494eE3
14540369,74,182,431,0x0000000000000000000000000000000000000000,0x1d4B9b250B1Bd41DAA35d94BF9204Ec1b0494eE3
14540369,74,183,432,0x0000000000000000000000000000000000000000,0x1d4B9b250B1Bd41DAA35d94BF9204Ec1b0494eE3
14540369,74,184,433,0x0000000000000000000000000000000000000000,0x1d4B9b250B1Bd41DAA35d94BF9204Ec1b0494eE3
14540369,74,185,434,0x0000000000000000000000000000000000000000,0x1d4B9b250B1Bd41DAA35d94BF9204Ec1b0494eE3
14540369,74,186,435,0x0000000000000000000000000000000000000000,0x1d4B9b250B1Bd41DAA35d94BF9204Ec1b0494eE3
14540369,74,187,436,0x0000000000000000000000000000000000000000,0x1d4B9b250B1Bd41DAA35d94BF9204Ec1b0494eE3
14540369,74,188,437,0x0000000000000000000000000000000000000000,0x1d4B9b250B1Bd41DAA35d94BF9204Ec1b0494eE3
14540369,74,189,438,0x0000000000000000000000000000000000000000,0x1d4B9b250B1Bd41DAA35d94BF9204Ec1b0494eE3
14541042,22,23,439,0x0000000000000000000000000000000000000000,0x7e53AF93688908D67fc3ddcE3f4B033dBc257C20
14554786,56,67,342,0xa0244DDDF2F2Ce56998bC8246eccd2c4Ed3FD482,0xBa7fC81331059eB59400c5C5BFFEe0F62e979e35
14569706,289,537,393,0xC1a2036c68C707c1B929607D3F6A0f330A893846,0xeB42B12a965CFc16878A966c635e04f15146c665
14572781,153,416,440,0x0000000000000000000000000000000000000000,0x92F520a8E10B63DB30FD2Be4A6a64E62D79477Ff
14576265,168,545,158,0x5a57107A58A0447066C376b211059352B617c3BA,0x5159128278BB4c4Fd8D605576E247FDA25F00D1E
14579195,32,60,441,0x0000000000000000000000000000000000000000,0x21af0A9117ee420CB26c32a49c59220F38F5991b
14579195,32,61,442,0x0000000000000000000000000000000000000000,0x21af0A9117ee420CB26c32a49c59220F38F5991b
14579195,32,62,443,0x0000000000000000000000000000000000000000,0x21af0A9117ee420CB26c32a49c59220F38F5991b
14579195,32,63,444,0x0000000000000000000000000000000000000000,0x21af0A9117ee420CB26c32a49c59220F38F5991b
14579195,32,64,445,0x0000000000000000000000000000000000000000,0x21af0A9117ee420CB26c32a49c59220F38F5991b
14580181,163,290,258,0x21426471eBF0b7db0F07216d81a897B5F5554394,0x21af0A9117ee420CB26c32a49c59220F38F5991b
14590215,7,7,446,0x0000000000000000000000000000000000000000,0xcBd750A1C4D9A0c5538aA4f7672eeDc9EFE9630C
14591188,67,94,174,0x4dDAc376f28BE60e1F7642A4D302C6Cf6CAe1D92,0x526cD732B8982E7104F761bB1d2C1692A424f3D6
14592148,24,29,447,0x0000000000000000000000000000000000000000,0x05409486896cf7eEf2d7110AD5640A5D594550F5
14601288,85,195,338,0x5B443cD7739B4eb26b7dB17f9ee556d75a069401,0x67dd9caDCba5C33d1936789bF8b14B359580C11F
14602339,30,36,448,0x0000000000000000000000000000000000000000,0x3e1F1fc109B0130a8ba13a1546C713D030B8613f
14602339,30,37,449,0x0000000000000000000000000000000000000000,0x3e1F1fc109B0130a8ba13a1546C713D030B8613f
14602339,30,38,450,0x0000000000000000000000000000000000000000,0x3e1F1fc109B0130a8ba13a1546C713D030B8613f
14602339,30,39,451,0x0000000000000000000000000000000000000000,0x3e1F1fc109B0130a8ba13a1546C713D030B8613f
14602339,30,40,452,0x0000000000000000000000000000000000000000,0x3e1F1fc109B0130a8ba13a1546C713D030B8613f
14605765,10,38,453,0x0000000000000000000000000000000000000000,0x63c4B370537c28686C79500D1C3fBC947FE0a4Ba
14605765,10,39,454,0x0000000000000000000000000000000000000000,0x63c4B370537c28686C79500D1C3fBC947FE0a4Ba
14605765,10,40,455,0x0000000000000000000000000000000000000000,0x63c4B370537c28686C79500D1C3fBC947FE0a4Ba
14605765,10,41,456,0x0000000000000000000000000000000000000000,0x63c4B370537c28686C79500D1C3fBC947FE0a4Ba
14605765,10,42,457,0x0000000000000000000000000000000000000000,0x63c4B370537c28686C79500D1C3fBC947FE0a4Ba
14605765,10,43,458,0x0000000000000000000000000000000000000000,0x63c4B370537c28686C79500D1C3fBC947FE0a4Ba
14605765,10,44,459,0x0000000000000000000000000000000000000000,0x63c4B370537c28686C79500D1C3fBC947FE0a4Ba
14605765,10,45,460,0x0000000000000000000000000000000000000000,0x63c4B370537c28686C79500D1C3fBC947FE0a4Ba
14605765,10,46,461,0x0000000000000000000000000000000000000000,0x63c4B370537c28686C79500D1C3fBC947FE0a4Ba
14605765,10,47,462,0x0000000000000000000000000000000000000000,0x63c4B370537c28686C79500D1C3fBC947FE0a4Ba
14605895,57,94,462,0x63c4B370537c28686C79500D1C3fBC947FE0a4Ba,0x862Bb295D9dD6f0A3672AFcF31c940656DDF0aAc
14605903,66,96,461,0x63c4B370537c28686C79500D1C3fBC947FE0a4Ba,0xE9B80B4cF85d7709583DFF27c1F51B289Cd1E152
14605909,92,272,460,0x63c4B370537c28686C79500D1C3fBC947FE0a4Ba,0xE9B80B4cF85d7709583DFF27c1F51B289Cd1E152
14605912,135,265,459,0x63c4B370537c28686C79500D1C3fBC947FE0a4Ba,0xE9B80B4cF85d7709583DFF27c1F51B289Cd1E152
14605916,136,254,458,0x63c4B370537c28686C79500D1C3fBC947FE0a4Ba,0xE9B80B4cF85d7709583DFF27c1F51B289Cd1E152
14605918,102,300,457,0x63c4B370537c28686C79500D1C3fBC947FE0a4Ba,0xE9B80B4cF85d7709583DFF27c1F51B289Cd1E152
14605922,11,34,453,0x63c4B370537c28686C79500D1C3fBC947FE0a4Ba,0xE9B80B4cF85d7709583DFF27c1F51B289Cd1E152
14605928,99,254,456,0x63c4B370537c28686C79500D1C3fBC947FE0a4Ba,0xE9B80B4cF85d7709583DFF27c1F51B289Cd1E152
14605931,43,111,455,0x63c4B370537c28686C79500D1C3fBC947FE0a4Ba,0xE9B80B4cF85d7709583DFF27c1F51B289Cd1E152
14605933,74,178,454,0x63c4B370537c28686C79500D1C3fBC947FE0a4Ba,0xE9B80B4cF85d7709583DFF27c1F51B289Cd1E152
14612857,62,116,463,0x0000000000000000000000000000000000000000,0xd3E7183F85Af100EBea219A8b831548360096639
14614416,189,373,464,0x0000000000000000000000000000000000000000,0xbb37F031f40E017108B4035D0C5a5169b275cbf9
14618290,62,160,465,0x0000000000000000000000000000000000000000,0x94e179dEF45b2B377610eE915aC513BA17685151
14618290,62,161,466,0x0000000000000000000000000000000000000000,0x94e179dEF45b2B377610eE915aC513BA17685151
14618290,62,162,467,0x0000000000000000000000000000000000000000,0x94e179dEF45b2B377610eE915aC513BA17685151
14618290,62,163,468,0x0000000000000000000000000000000000000000,0x94e179dEF45b2B377610eE915aC513BA17685151
14618290,62,164,469,0x0000000000000000000000000000000000000000,0x94e179dEF45b2B377610eE915aC513BA17685151
14620936,348,414,470,0x0000000000000000000000000000000000000000,0x63c4B370537c28686C79500D1C3fBC947FE0a4Ba
14620936,348,415,471,0x0000000000000000000000000000000000000000,0x63c4B370537c28686C79500D1C3fBC947FE0a4Ba
14620936,348,416,472,0x0000000000000000000000000000000000000000,0x63c4B370537c28686C79500D1C3fBC947FE0a4Ba
14620936,348,417,473,0x0000000000000000000000000000000000000000,0x63c4B370537c28686C79500D1C3fBC947FE0a4Ba
14620936,348,418,474,0x0000000000000000000000000000000000000000,0x63c4B370537c28686C79500D1C3fBC947FE0a4Ba
14620936,348,419,475,0x0000000000000000000000000000000000000000,0x63c4B370537c28686C79500D1C3fBC947FE0a4Ba
14620936,348,420,476,0x0000000000000000000000000000000000000000,0x63c4B370537c28686C79500D1C3fBC947FE0a4Ba
14620936,348,421,477,0x0000000000000000000000000000000000000000,0x63c4B370537c28686C79500D1C3fBC947FE0a4Ba
14620936,348,422,478,0x0000000000000000000000000000000000000000,0x63c4B370537c28686C79500D1C3fBC947FE0a4Ba
14620936,348,423,479,0x0000000000000000000000000000000000000000,0x63c4B370537c28686C79500D1C3fBC947FE0a4Ba
14620985,100,278,470,0x63c4B370537c28686C79500D1C3fBC947FE0a4Ba,0x398d282487b44b6e53Ce0AebcA3CB60C3B6325E9
14620993,84,114,471,0x63c4B370537c28686C79500D1C3fBC947FE0a4Ba,0x398d282487b44b6e53Ce0AebcA3CB60C3B6325E9
14621003,25,17,472,0x63c4B370537c28686C79500D1C3fBC947FE0a4Ba,0xB520F068a908A1782a543aAcC3847ADB77A04778
14621006,144,127,473,0x63c4B370537c28686C79500D1C3fBC947FE0a4Ba,0xB520F068a908A1782a543aAcC3847ADB77A04778
14621011,20,18,474,0x63c4B370537c28686C79500D1C3fBC947FE0a4Ba,0xB520F068a908A1782a543aAcC3847ADB77A04778
14621018,88,107,475,0x63c4B370537c28686C79500D1C3fBC947FE0a4Ba,0xB520F068a908A1782a543aAcC3847ADB77A04778
14621021,10,20,476,0x63c4B370537c28686C79500D1C3fBC947FE0a4Ba,0xB520F068a908A1782a543aAcC3847ADB77A04778
14621023,133,174,477,0x63c4B370537c28686C79500D1C3fBC947FE0a4Ba,0xB520F068a908A1782a543aAcC3847ADB77A04778
14621031,35,61,478,0x63c4B370537c28686C79500D1C3fBC947FE0a4Ba,0xB520F068a908A1782a543aAcC3847ADB77A04778
14621043,13,43,479,0x63c4B370537c28686C79500D1C3fBC947FE0a4Ba,0xB520F068a908A1782a543aAcC3847ADB77A04778
14621818,21,12,480,0x0000000000000000000000000000000000000000,0xD3775017a04a3FF7999b5CFf7b475Da8919E5484
14621818,21,13,481,0x0000000000000000000000000000000000000000,0xD3775017a04a3FF7999b5CFf7b475Da8919E5484
14621818,21,14,482,0x0000000000000000000000000000000000000000,0xD3775017a04a3FF7999b5CFf7b475Da8919E5484
14621818,21,15,483,0x0000000000000000000000000000000000000000,0xD3775017a04a3FF7999b5CFf7b475Da8919E5484
14621818,21,16,484,0x0000000000000000000000000000000000000000,0xD3775017a04a3FF7999b5CFf7b475Da8919E5484
14622855,5,7,485,0x0000000000000000000000000000000000000000,0x5020F5c56DC41E3CA11eaD82Ce53C0Cb6827Ef7b
14623389,13,13,486,0x0000000000000000000000000000000000000000,0x4dDAc376f28BE60e1F7642A4D302C6Cf6CAe1D92
14623389,13,14,487,0x0000000000000000000000000000000000000000,0x4dDAc376f28BE60e1F7642A4D302C6Cf6CAe1D92
14623389,13,15,488,0x0000000000000000000000000000000000000000,0x4dDAc376f28BE60e1F7642A4D302C6Cf6CAe1D92
14623389,13,16,489,0x0000000000000000000000000000000000000000,0x4dDAc376f28BE60e1F7642A4D302C6Cf6CAe1D92
14623389,13,17,490,0x0000000000000000000000000000000000000000,0x4dDAc376f28BE60e1F7642A4D302C6Cf6CAe1D92
14623389,13,18,491,0x0000000000000000000000000000000000000000,0x4dDAc376f28BE60e1F7642A4D302C6Cf6CAe1D92
14623389,13,19,492,0x0000000000000000000000000000000000000000,0x4dDAc376f28BE60e1F7642A4D302C6Cf6CAe1D92
14623389,13,20,493,0x0000000000000000000000000000000000000000,0x4dDAc376f28BE60e1F7642A4D302C6Cf6CAe1D92
14623389,13,21,494,0x0000000000000000000000000000000000000000,0x4dDAc376f28BE60e1F7642A4D302C6Cf6CAe1D92
14623389,13,22,495,0x0000000000000000000000000000000000000000,0x4dDAc376f28BE60e1F7642A4D302C6Cf6CAe1D92
14623401,134,179,495,0x4dDAc376f28BE60e1F7642A4D302C6Cf6CAe1D92,0xB520F068a908A1782a543aAcC3847ADB77A04778
14623409,40,59,494,0x4dDAc376f28BE60e1F7642A4D302C6Cf6CAe1D92,0xB520F068a908A1782a543aAcC3847ADB77A04778
14623419,162,206,491,0x4dDAc376f28BE60e1F7642A4D302C6Cf6CAe1D92,0xB520F068a908A1782a543aAcC3847ADB77A04778
14623422,42,57,489,0x4dDAc376f28BE60e1F7642A4D302C6Cf6CAe1D92,0xB520F068a908A1782a543aAcC3847ADB77A04778
14623423,109,143,486,0x4dDAc376f28BE60e1F7642A4D302C6Cf6CAe1D92,0xB520F068a908A1782a543aAcC3847ADB77A04778
14623432,24,13,487,0x4dDAc376f28BE60e1F7642A4D302C6Cf6CAe1D92,0xB520F068a908A1782a543aAcC3847ADB77A04778
14623436,9,21,490,0x4dDAc376f28BE60e1F7642A4D302C6Cf6CAe1D92,0xB520F068a908A1782a543aAcC3847ADB77A04778
14623440,13,11,488,0x4dDAc376f28BE60e1F7642A4D302C6Cf6CAe1D92,0xB520F068a908A1782a543aAcC3847ADB77A04778
14623449,140,199,492,0x4dDAc376f28BE60e1F7642A4D302C6Cf6CAe1D92,0xa3f5E1e6F8fC983b1a98482AcF44B2AC000f6394
14623452,113,169,493,0x4dDAc376f28BE60e1F7642A4D302C6Cf6CAe1D92,0xa3f5E1e6F8fC983b1a98482AcF44B2AC000f6394
14628277,89,170,496,0x0000000000000000000000000000000000000000,0x4dDAc376f28BE60e1F7642A4D302C6Cf6CAe1D92
14629272,75,104,497,0x0000000000000000000000000000000000000000,0xD6b954F59F0Ebb252Edc7796c64BA167A1E2efAB
14629287,166,262,336,0x5B443cD7739B4eb26b7dB17f9ee556d75a069401,0xD6b954F59F0Ebb252Edc7796c64BA167A1E2efAB
14633494,54,102,498,0x0000000000000000000000000000000000000000,0x4dDAc376f28BE60e1F7642A4D302C6Cf6CAe1D92
14640532,73,101,498,0x4dDAc376f28BE60e1F7642A4D302C6Cf6CAe1D92,0x38b3bb561700fc263240c4bCfA6F9a5A10167556
14644439,70,186,37,0x03F52a039d9665C19a771204493B53B81C9405aF,0x19DA2CFC2d0faA3CAF1F906D66C2BD1BC8Ca20e4
14645391,199,328,337,0x5B443cD7739B4eb26b7dB17f9ee556d75a069401,0x1f17057933cBDdD134AD5ABa4E42803eaFD303aA
14653290,68,68,499,0x0000000000000000000000000000000000000000,0xDbb6a390123BE619102728f4DD14D2375801355A
14657594,71,100,500,0x0000000000000000000000000000000000000000,0x4dDAc376f28BE60e1F7642A4D302C6Cf6CAe1D92
14657601,21,28,500,0x4dDAc376f28BE60e1F7642A4D302C6Cf6CAe1D92,0x0e442C7D7db830276EcC7292Bc57456309Fe1522
14659200,176,248,365,0x9cf715C5dC26a6618B2b012408721b9Ff2733D0c,0xA732BB434e43E007C74B5f26250EE92380c3d2B6
14664989,94,188,278,0x21426471eBF0b7db0F07216d81a897B5F5554394,0xd1BfE63eC5B5506E86C38de81479d1AC9583b728
14669603,215,483,259,0x21426471eBF0b7db0F07216d81a897B5F5554394,0xD6b954F59F0Ebb252Edc7796c64BA167A1E2efAB
14675567,204,488,393,0xeB42B12a965CFc16878A966c635e04f15146c665,0x08cF1208e638a5A3623be58d600e35c6199baa9C
14687980,24,17,501,0x0000000000000000000000000000000000000000,0xc3Ab4F4451d65299540242bb8Ab3C2c65154B3F6
14688676,87,137,446,0xcBd750A1C4D9A0c5538aA4f7672eeDc9EFE9630C,0xb955d3975f781b4ccb4152Db965a9B0F0E34a9CF
14697206,140,152,496,0x4dDAc376f28BE60e1F7642A4D302C6Cf6CAe1D92,0xf6910D47FbB1F5518d60C721D4189936eCd5a1b6
14700344,237,371,502,0x0000000000000000000000000000000000000000,0x47E2BC7475ef8a9a5e10aeF076da53d3C446291e
14700936,288,746,160,0x82674C58211C0134348B016810Db718b832d4233,0xccBF87A238391F752D594cF9407099456053fa02
14700963,125,171,159,0x82674C58211C0134348B016810Db718b832d4233,0x38b3bb561700fc263240c4bCfA6F9a5A10167556
14702960,186,311,161,0x82674C58211C0134348B016810Db718b832d4233,0x5877Af7FC64E26c695806E2Fd7e083c8511e61f1
14704628,266,518,275,0x21426471eBF0b7db0F07216d81a897B5F5554394,0x0C6A3617045D8e7223d2574b1FD157dC8f1c3e6D
14706064,101,128,503,0x0000000000000000000000000000000000000000,0x4dDAc376f28BE60e1F7642A4D302C6Cf6CAe1D92
14712195,186,49,503,0x4dDAc376f28BE60e1F7642A4D302C6Cf6CAe1D92,0xE9F39d9730Ac4690773d0f6753BD2807C7c86B1E
14712854,65,147,504,0x0000000000000000000000000000000000000000,0x4dDAc376f28BE60e1F7642A4D302C6Cf6CAe1D92
14712896,31,64,504,0x4dDAc376f28BE60e1F7642A4D302C6Cf6CAe1D92,0xa8A2Aa7200B360e9B76fAFe60950a587449a0ed4
14713077,62,117,505,0x0000000000000000000000000000000000000000,0x4dDAc376f28BE60e1F7642A4D302C6Cf6CAe1D92
14713104,77,124,505,0x4dDAc376f28BE60e1F7642A4D302C6Cf6CAe1D92,0x4c3A392af5FC22253743b0600a4365DF3A7F9893
14713140,56,74,506,0x0000000000000000000000000000000000000000,0x4dDAc376f28BE60e1F7642A4D302C6Cf6CAe1D92
14713149,102,307,506,0x4dDAc376f28BE60e1F7642A4D302C6Cf6CAe1D92,0x06B02E983De7c5837962039b68C3e2954725639f
14713171,127,183,507,0x0000000000000000000000000000000000000000,0x4dDAc376f28BE60e1F7642A4D302C6Cf6CAe1D92
14713184,42,63,507,0x4dDAc376f28BE60e1F7642A4D302C6Cf6CAe1D92,0x354d4D759c49094f60D537bfD7177c05b70c20cC
14713476,73,144,159,0x38b3bb561700fc263240c4bCfA6F9a5A10167556,0x7e53A3857F6F80E4340d2B80b24CF893b5aD41e4
14716233,96,112,508,0x0000000000000000000000000000000000000000,0x4dDAc376f28BE60e1F7642A4D302C6Cf6CAe1D92
14716437,50,32,508,0x4dDAc376f28BE60e1F7642A4D302C6Cf6CAe1D92,0x8488a886FA957E18e049ca9Bf16037467942e12e
14716520,66,52,509,0x0000000000000000000000000000000000000000,0x4dDAc376f28BE60e1F7642A4D302C6Cf6CAe1D92
14718304,106,151,510,0x0000000000000000000000000000000000000000,0x10DC5b52ad257a169634c441E575b3F250cd1855
14732416,13,9,341,0x24d1bc061500bdb143176544B48f905580dEd6df,0xAA7473D250afc88AA54307800cBBD9d631c74ffe
14736932,82,103,511,0x0000000000000000000000000000000000000000,0x4dDAc376f28BE60e1F7642A4D302C6Cf6CAe1D92
14736932,82,104,512,0x0000000000000000000000000000000000000000,0x4dDAc376f28BE60e1F7642A4D302C6Cf6CAe1D92
14736932,82,105,513,0x0000000000000000000000000000000000000000,0x4dDAc376f28BE60e1F7642A4D302C6Cf6CAe1D92
14736932,82,106,514,0x0000000000000000000000000000000000000000,0x4dDAc376f28BE60e1F7642A4D302C6Cf6CAe1D92
14736932,82,107,515,0x0000000000000000000000000000000000000000,0x4dDAc376f28BE60e1F7642A4D302C6Cf6CAe1D92
14736932,82,108,516,0x0000000000000000000000000000000000000000,0x4dDAc376f28BE60e1F7642A4D302C6Cf6CAe1D92
14736932,82,109,517,0x0000000000000000000000000000000000000000,0x4dDAc376f28BE60e1F7642A4D302C6Cf6CAe1D92
14736932,82,110,518,0x0000000000000000000000000000000000000000,0x4dDAc376f28BE60e1F7642A4D302C6Cf6CAe1D92
14736932,82,111,519,0x0000000000000000000000000000000000000000,0x4dDAc376f28BE60e1F7642A4D302C6Cf6CAe1D92
14736932,82,112,520,0x0000000000000000000000000000000000000000,0x4dDAc376f28BE60e1F7642A4D302C6Cf6CAe1D92
14773155,117,201,516,0x4dDAc376f28BE60e1F7642A4D302C6Cf6CAe1D92,0xC7a669d0de21F1885361E95fDE3892534807b927
14773160,53,83,512,0x4dDAc376f28BE60e1F7642A4D302C6Cf6CAe1D92,0xDd2ca8a3E754da59626e579f5Dc8119843335BCe
14776292,31,34,518,0x4dDAc376f28BE60e1F7642A4D302C6Cf6CAe1D92,0x7e53AF93688908D67fc3ddcE3f4B033dBc257C20
14788796,104,125,521,0x0000000000000000000000000000000000000000,0xEC384Ba93a7cC38c9025b2d8028003C645EabE58
14790008,231,461,255,0x0d1F2c041b7f9702903B89057c1f57f1F01a79aF,0xDB1bb9262897F66A338efef6924f2d0D44680AF8
14790397,73,110,497,0xD6b954F59F0Ebb252Edc7796c64BA167A1E2efAB,0xB35248FeEB246b850Fac690a1BEaF5130dC71894
14794299,156,217,522,0x0000000000000000000000000000000000000000,0x247648F73f1d13ed4461a36b7daC5a8FC09E5df4
14794451,94,117,523,0x0000000000000000000000000000000000000000,0x59eA2177a4Ef0Bda89B938C60b512bcdEf9BbdE2
14807777,27,32,524,0x0000000000000000000000000000000000000000,0x0acC28be2f9E770Bb47824A6c6eb6956Abe1ad69
14807777,27,33,525,0x0000000000000000000000000000000000000000,0x0acC28be2f9E770Bb47824A6c6eb6956Abe1ad69
14807777,27,34,526,0x0000000000000000000000000000000000000000,0x0acC28be2f9E770Bb47824A6c6eb6956Abe1ad69
14807777,27,35,527,0x0000000000000000000000000000000000000000,0x0acC28be2f9E770Bb47824A6c6eb6956Abe1ad69
14807777,27,36,528,0x0000000000000000000000000000000000000000,0x0acC28be2f9E770Bb47824A6c6eb6956Abe1ad69
14807777,27,37,529,0x0000000000000000000000000000000000000000,0x0acC28be2f9E770Bb47824A6c6eb6956Abe1ad69
14807777,27,38,530,0x0000000000000000000000000000000000000000,0x0acC28be2f9E770Bb47824A6c6eb6956Abe1ad69
14807777,27,39,531,0x0000000000000000000000000000000000000000,0x0acC28be2f9E770Bb47824A6c6eb6956Abe1ad69
14807777,27,40,532,0x0000000000000000000000000000000000000000,0x0acC28be2f9E770Bb47824A6c6eb6956Abe1ad69
14807777,27,41,533,0x0000000000000000000000000000000000000000,0x0acC28be2f9E770Bb47824A6c6eb6956Abe1ad69
14809841,8,24,534,0x0000000000000000000000000000000000000000,0x4dDAc376f28BE60e1F7642A4D302C6Cf6CAe1D92
14809841,8,25,535,0x0000000000000000000000000000000000000000,0x4dDAc376f28BE60e1F7642A4D302C6Cf6CAe1D92
14809841,8,26,536,0x0000000000000000000000000000000000000000,0x4dDAc376f28BE60e1F7642A4D302C6Cf6CAe1D92
14809841,8,27,537,0x0000000000000000000000000000000000000000,0x4dDAc376f28BE60e1F7642A4D302C6Cf6CAe1D92
14809841,8,28,538,0x0000000000000000000000000000000000000000,0x4dDAc376f28BE60e1F7642A4D302C6Cf6CAe1D92
14809841,8,29,539,0x0000000000000000000000000000000000000000,0x4dDAc376f28BE60e1F7642A4D302C6Cf6CAe1D92
14809841,8,30,540,0x0000000000000000000000000000000000000000,0x4dDAc376f28BE60e1F7642A4D302C6Cf6CAe1D92
14809841,8,31,541,0x0000000000000000000000000000000000000000,0x4dDAc376f28BE60e1F7642A4D302C6Cf6CAe1D92
14809841,8,32,542,0x0000000000000000000000000000000000000000,0x4dDAc376f28BE60e1F7642A4D302C6Cf6CAe1D92
14809841,8,33,543,0x0000000000000000000000000000000000000000,0x4dDAc376f28BE60e1F7642A4D302C6Cf6CAe1D92
14819254,77,120,488,0xB520F068a908A1782a543aAcC3847ADB77A04778,0x0000CE08fa224696A819877070BF378e8B131ACF
14819254,86,138,490,0xB520F068a908A1782a543aAcC3847ADB77A04778,0x7e53A3857F6F80E4340d2B80b24CF893b5aD41e4
14819255,49,278,487,0xB520F068a908A1782a543aAcC3847ADB77A04778,0x68D649Fac8A6d0BF5B40B15B644473B4D81431aB
14819256,13,68,486,0xB520F068a908A1782a543aAcC3847ADB77A04778,0xF6f4B3d80884DCf2E602820622cafC1Bcc1F9AFE
14819257,63,220,489,0xB520F068a908A1782a543aAcC3847ADB77A04778,0xa8A2Aa7200B360e9B76fAFe60950a587449a0ed4
14819259,9,15,491,0xB520F068a908A1782a543aAcC3847ADB77A04778,0x4c3A392af5FC22253743b0600a4365DF3A7F9893
14819260,40,74,494,0xB520F068a908A1782a543aAcC3847ADB77A04778,0x6110e23134BA66a8b519bB5f1d06e82285f2ef2e
14819264,45,59,495,0xB520F068a908A1782a543aAcC3847ADB77A04778,0xe8270B17F341871E814a157142f0fEdccb7a9a92
14819269,37,47,479,0xB520F068a908A1782a543aAcC3847ADB77A04778,0x9be8e4E9D4A68bBdAa8DEcaE9f728Ed50599Be7c
14819269,49,63,478,0xB520F068a908A1782a543aAcC3847ADB77A04778,0xfd22e70cB42a0fa315C82e0Aa95A6Dc19f8B4934
14819272,20,41,477,0xB520F068a908A1782a543aAcC3847ADB77A04778,0x0559D4f52c63732853aC1F4C50b6F293cee0b646
14819274,4,4,476,0xB520F068a908A1782a543aAcC3847ADB77A04778,0x0e442C7D7db830276EcC7292Bc57456309Fe1522
14819275,216,315,475,0xB520F068a908A1782a543aAcC3847ADB77A04778,0xBbE5A394a28C90612Aa3523966991686d33fD15C
14819276,58,150,473,0xB520F068a908A1782a543aAcC3847ADB77A04778,0xe8270B17F341871E814a157142f0fEdccb7a9a92
14819305,50,213,474,0xB520F068a908A1782a543aAcC3847ADB77A04778,0xC77848cDD3D3C91A7c3b25d6443d2871bcbaFFc1
14819306,114,154,472,0xB520F068a908A1782a543aAcC3847ADB77A04778,0x731cD5124D48d073F4370DBA709846627e93f497
14819311,108,149,115,0x18aEc641D8e2b1108FF5fE048539824b5B62c8E1,0xB520F068a908A1782a543aAcC3847ADB77A04778
14842268,78,143,544,0x0000000000000000000000000000000000000000,0xdeFD4C742F076458EbF1D03932f4aC0C9Ad04E96
14854970,144,128,519,0x4dDAc376f28BE60e1F7642A4D302C6Cf6CAe1D92,0x731cD5124D48d073F4370DBA709846627e93f497
14863296,115,200,545,0x0000000000000000000000000000000000000000,0xD4aDA02899A3188247F7c9BB7CF8C06a100EBBAF
14878485,13,14,539,0x4dDAc376f28BE60e1F7642A4D302C6Cf6CAe1D92,0x27524bfF4423404F4b516367Bd6a67c71876aa7D
14878490,180,584,511,0x4dDAc376f28BE60e1F7642A4D302C6Cf6CAe1D92,0x27524bfF4423404F4b516367Bd6a67c71876aa7D
14878780,127,222,520,0x4dDAc376f28BE60e1F7642A4D302C6Cf6CAe1D92,0x27524bfF4423404F4b516367Bd6a67c71876aa7D
14879795,155,166,543,0x4dDAc376f28BE60e1F7642A4D302C6Cf6CAe1D92,0xDd50E694256a0527ED6C40FEc0DD04586667A1E6
14879825,67,45,540,0x4dDAc376f28BE60e1F7642A4D302C6Cf6CAe1D92,0xDd50E694256a0527ED6C40FEc0DD04586667A1E6
14879830,56,68,515,0x4dDAc376f28BE60e1F7642A4D302C6Cf6CAe1D92,0xDd50E694256a0527ED6C40FEc0DD04586667A1E6
14879834,136,132,535,0x4dDAc376f28BE60e1F7642A4D302C6Cf6CAe1D92,0xDd50E694256a0527ED6C40FEc0DD04586667A1E6
14879837,123,186,538,0x4dDAc376f28BE60e1F7642A4D302C6Cf6CAe1D92,0xDd50E694256a0527ED6C40FEc0DD04586667A1E6
14879853,24,29,542,0x4dDAc376f28BE60e1F7642A4D302C6Cf6CAe1D92,0xFD9462d484429d08274a501D7462FeE2934A98B8
14879857,59,49,537,0x4dDAc376f28BE60e1F7642A4D302C6Cf6CAe1D92,0xFD9462d484429d08274a501D7462FeE2934A98B8
14879915,219,385,541,0x4dDAc376f28BE60e1F7642A4D302C6Cf6CAe1D92,0xe8270B17F341871E814a157142f0fEdccb7a9a92
14879965,21,80,536,0x4dDAc376f28BE60e1F7642A4D302C6Cf6CAe1D92,0xe8270B17F341871E814a157142f0fEdccb7a9a92
14880785,65,106,534,0x4dDAc376f28BE60e1F7642A4D302C6Cf6CAe1D92,0xD6b954F59F0Ebb252Edc7796c64BA167A1E2efAB
14880803,32,49,509,0x4dDAc376f28BE60e1F7642A4D302C6Cf6CAe1D92,0xD6b954F59F0Ebb252Edc7796c64BA167A1E2efAB
14880848,171,199,514,0x4dDAc376f28BE60e1F7642A4D302C6Cf6CAe1D92,0x60fC79EC08C5386f030912f056dCA91dAEC3A488
14928186,26,60,517,0x4dDAc376f28BE60e1F7642A4D302C6Cf6CAe1D92,0xb44Bf6CDb95Cc0C5F2b787C6f01b8fdCAFfB72F7
14928229,297,708,513,0x4dDAc376f28BE60e1F7642A4D302C6Cf6CAe1D92,0x158001FFBE4DAb78f082BA4faB958e87f330c70E
14946598,243,390,242,0xE0Dd8C40ACC74005C71CE5d02Cd5116A2eEDB1b0,0x932a824A4d3d0680e0b352De150e6f212B8aC841
14946638,109,175,86,0xF6f4B3d80884DCf2E602820622cafC1Bcc1F9AFE,0x63BBEE1F3a5077f1AA37379c7F48C44Ff5fCd7B1
14952806,26,54,546,0x0000000000000000000000000000000000000000,0xA406E66bb2BEDb85E2287C86AaE193F35614000D
15054940,40,55,259,0xD6b954F59F0Ebb252Edc7796c64BA167A1E2efAB,0x028922106555DD3909F7aF0117062fFb6a16B9d8
15063700,93,132,243,0xE0Dd8C40ACC74005C71CE5d02Cd5116A2eEDB1b0,0x0fb3A25BA36cA93a176F10579188752E20b6Db3E
15094189,82,154,78,0x18aEc641D8e2b1108FF5fE048539824b5B62c8E1,0xB82eB1dA53C5e394f8525c7D627dd03640D6bc97
15094189,82,160,532,0x0acC28be2f9E770Bb47824A6c6eb6956Abe1ad69,0xB82eB1dA53C5e394f8525c7D627dd03640D6bc97
15094189,82,162,509,0xD6b954F59F0Ebb252Edc7796c64BA167A1E2efAB,0xB82eB1dA53C5e394f8525c7D627dd03640D6bc97
15094189,82,164,503,0xE9F39d9730Ac4690773d0f6753BD2807C7c86B1E,0xB82eB1dA53C5e394f8525c7D627dd03640D6bc97
15097401,113,193,530,0x0acC28be2f9E770Bb47824A6c6eb6956Abe1ad69,0x6F3bA8A845D18D32bE6985650E449d7c29926F7F
15097407,20,44,260,0x21426471eBF0b7db0F07216d81a897B5F5554394,0x6F3bA8A845D18D32bE6985650E449d7c29926F7F
15097658,87,164,260,0x6F3bA8A845D18D32bE6985650E449d7c29926F7F,0x79D6b1dbF4b32884176508F67DE2922F3643b635
15107633,387,343,531,0x0acC28be2f9E770Bb47824A6c6eb6956Abe1ad69,0x2Ac275b6cdb6EbE759D7C1513fd0495096EFB35a
15110341,73,122,533,0x0acC28be2f9E770Bb47824A6c6eb6956Abe1ad69,0x4dDAc376f28BE60e1F7642A4D302C6Cf6CAe1D92
15137772,215,218,237,0x874df3ddA021045F17542593e161c2C7366Ae266,0x86e8Aa1b763811833EF0695038a68A366216131c
15145959,223,465,547,0x0000000000000000000000000000000000000000,0x02C545e7E16afbBe405FaD98a8a5a9a9fEeCe114
15149620,85,140,518,0x7e53AF93688908D67fc3ddcE3f4B033dBc257C20,0x815428DD0A945fC7D8bD1EDD7C82B2493e6ffC74
15193874,49,70,548,0x0000000000000000000000000000000000000000,0xE3326FC664A410eDAEB3BD837212a7D9539Eca28
15223010,66,101,549,0x0000000000000000000000000000000000000000,0xeDF4419cDC348c17b4FdE83E2E1BAfFa3e745369
15226993,181,315,533,0x4dDAc376f28BE60e1F7642A4D302C6Cf6CAe1D92,0x028922106555DD3909F7aF0117062fFb6a16B9d8
15243431,220,469,550,0x0000000000000000000000000000000000000000,0x4dDAc376f28BE60e1F7642A4D302C6Cf6CAe1D92
15243450,263,482,551,0x0000000000000000000000000000000000000000,0x4dDAc376f28BE60e1F7642A4D302C6Cf6CAe1D92
15250411,54,139,551,0x4dDAc376f28BE60e1F7642A4D302C6Cf6CAe1D92,0xcbaCB9cd469bA753462Bb060D43Cc4F665b5Ab99
15256947,186,254,550,0x4dDAc376f28BE60e1F7642A4D302C6Cf6CAe1D92,0x0225fF53F3CBC8B006edcDCB118292dd9689D3Ae
15258318,96,122,552,0x0000000000000000000000000000000000000000,0x4dDAc376f28BE60e1F7642A4D302C6Cf6CAe1D92
15259424,167,98,552,0x4dDAc376f28BE60e1F7642A4D302C6Cf6CAe1D92,0xe4A24b53C97A25A21fe0Ee6a1a1F652A5dAFe88f
15276682,186,396,252,0xDCd51ab58432d2D068E4039Aee8cfEb71AF3efDe,0xf7179758F14380C39F444B3dC688773DA6c7a8f7
15277535,41,56,553,0x0000000000000000000000000000000000000000,0x4dDAc376f28BE60e1F7642A4D302C6Cf6CAe1D92
15277548,81,130,554,0x0000000000000000000000000000000000000000,0x4dDAc376f28BE60e1F7642A4D302C6Cf6CAe1D92
15277582,118,274,554,0x4dDAc376f28BE60e1F7642A4D302C6Cf6CAe1D92,0xDf4e1E47C84aaAA728589d8dD01Ce885DD905466
15277589,47,74,553,0x4dDAc376f28BE60e1F7642A4D302C6Cf6CAe1D92,0xF703DfE714ce2F071f48B72a6fcF066a2B721a00
15297938,195,343,555,0x0000000000000000000000000000000000000000,0xe89244A3e5420C41d7Ee79bC1B2F7F88b5AB7A1a
15297942,290,652,556,0x0000000000000000000000000000000000000000,0xe89244A3e5420C41d7Ee79bC1B2F7F88b5AB7A1a
15297958,7,8,557,0x0000000000000000000000000000000000000000,0xe89244A3e5420C41d7Ee79bC1B2F7F88b5AB7A1a
15298038,100,301,293,0x4aAd47CF429dc976079648F739e094Aa21350B56,0xC8E4B543d581A1b40013D8BFBC975f6Aa23C4963
15304121,23,16,558,0x0000000000000000000000000000000000000000,0x4dDAc376f28BE60e1F7642A4D302C6Cf6CAe1D92
15304121,23,17,559,0x0000000000000000000000000000000000000000,0x4dDAc376f28BE60e1F7642A4D302C6Cf6CAe1D92
15304121,23,18,560,0x0000000000000000000000000000000000000000,0x4dDAc376f28BE60e1F7642A4D302C6Cf6CAe1D92
15304121,23,19,561,0x0000000000000000000000000000000000000000,0x4dDAc376f28BE60e1F7642A4D302C6Cf6CAe1D92
15304121,23,20,562,0x0000000000000000000000000000000000000000,0x4dDAc376f28BE60e1F7642A4D302C6Cf6CAe1D92
15304146,172,191,560,0x4dDAc376f28BE60e1F7642A4D302C6Cf6CAe1D92,0x656fA107c049Ed3FE7Ec16d1F2B2919e791fFD53
15304150,148,301,561,0x4dDAc376f28BE60e1F7642A4D302C6Cf6CAe1D92,0x1129626D5E08Eb1055c59c18c97Cd714a594205d
15304370,221,434,559,0x4dDAc376f28BE60e1F7642A4D302C6Cf6CAe1D92,0x3e50b7943586EB440c7e944CA9d173BCa06D3daC
15304493,21,61,558,0x4dDAc376f28BE60e1F7642A4D302C6Cf6CAe1D92,0x9F84F41f0643f5c560505C7222481894feebb356
15304495,87,180,562,0x4dDAc376f28BE60e1F7642A4D302C6Cf6CAe1D92,0x4b4DBee4444FC212007D8A4B16248Ec06e7dFd54
15309871,135,219,563,0x0000000000000000000000000000000000000000,0x4dDAc376f28BE60e1F7642A4D302C6Cf6CAe1D92
15309914,119,200,563,0x4dDAc376f28BE60e1F7642A4D302C6Cf6CAe1D92,0xe4bBCbFf51e61D0D95FcC5016609aC8354B177C4
15350901,148,87,564,0x0000000000000000000000000000000000000000,0x113d754Ff2e6Ca9Fd6aB51932493E4F9DabdF596
15406005,184,418,565,0x0000000000000000000000000000000000000000,0x4dDAc376f28BE60e1F7642A4D302C6Cf6CAe1D92
15406005,184,419,566,0x0000000000000000000000000000000000000000,0x4dDAc376f28BE60e1F7642A4D302C6Cf6CAe1D92
15406005,184,420,567,0x0000000000000000000000000000000000000000,0x4dDAc376f28BE60e1F7642A4D302C6Cf6CAe1D92
15406005,184,421,568,0x0000000000000000000000000000000000000000,0x4dDAc376f28BE60e1F7642A4D302C6Cf6CAe1D92
15406005,184,422,569,0x0000000000000000000000000000000000000000,0x4dDAc376f28BE60e1F7642A4D302C6Cf6CAe1D92
15406005,184,423,570,0x0000000000000000000000000000000000000000,0x4dDAc376f28BE60e1F7642A4D302C6Cf6CAe1D92
15406005,184,424,571,0x0000000000000000000000000000000000000000,0x4dDAc376f28BE60e1F7642A4D302C6Cf6CAe1D92
15406005,184,425,572,0x0000000000000000000000000000000000000000,0x4dDAc376f28BE60e1F7642A4D302C6Cf6CAe1D92
15406005,184,426,573,0x0000000000000000000000000000000000000000,0x4dDAc376f28BE60e1F7642A4D302C6Cf6CAe1D92
15406005,184,427,574,0x0000000000000000000000000000000000000000,0x4dDAc376f28BE60e1F7642A4D302C6Cf6CAe1D92
15406023,48,113,565,0x4dDAc376f28BE60e1F7642A4D302C6Cf6CAe1D92,0xdDe74f034163192dd2170BB56B9CAc2d45Ce0a36
15406026,280,232,566,0x4dDAc376f28BE60e1F7642A4D302C6Cf6CAe1D92,0x875f0D4F39b26eA44B0BAa35c1D6891F2d0578DA
15406032,48,116,567,0x4dDAc376f28BE60e1F7642A4D302C6Cf6CAe1D92,0xfd22e70cB42a0fa315C82e0Aa95A6Dc19f8B4934
15406038,141,305,568,0x4dDAc376f28BE60e1F7642A4D302C6Cf6CAe1D92,0xb44Bf6CDb95Cc0C5F2b787C6f01b8fdCAFfB72F7
15406040,247,411,569,0x4dDAc376f28BE60e1F7642A4D302C6Cf6CAe1D92,0xD6b954F59F0Ebb252Edc7796c64BA167A1E2efAB
15406096,245,485,570,0x4dDAc376f28BE60e1F7642A4D302C6Cf6CAe1D92,0x1BE5B62c5890aa87EDb3eEd9F3221Ed1caeE9D27
15406108,44,105,571,0x4dDAc376f28BE60e1F7642A4D302C6Cf6CAe1D92,0x4EfeceA2A42E1E73737e4dda7234e999A84Ca60B
15406123,461,589,572,0x4dDAc376f28BE60e1F7642A4D302C6Cf6CAe1D92,0xFB52e265F03e1783e222f30106418a4a1487D0e7
15406166,55,125,573,0x4dDAc376f28BE60e1F7642A4D302C6Cf6CAe1D92,0x68D649Fac8A6d0BF5B40B15B644473B4D81431aB
15406232,216,457,574,0x4dDAc376f28BE60e1F7642A4D302C6Cf6CAe1D92,0x929D99600BB36DDE6385884b857C4B0F05AedE35
15408508,191,342,67,0x10665581d1ce1ef67593b7770F9fA555C9009C06,0xD114B66903A4Fe92a75Bb95e6b3059c0766ed0d9
15415798,46,77,277,0x21426471eBF0b7db0F07216d81a897B5F5554394,0x83C8F28c26bF6aaca652Df1DbBE0e1b56F8baBa2
15415798,46,80,277,0x83C8F28c26bF6aaca652Df1DbBE0e1b56F8baBa2,0x22A676B52392591bC6c7caf51c14b38f5e0F3716
15447990,65,122,335,0x5B443cD7739B4eb26b7dB17f9ee556d75a069401,0x9fa2Ad6EB6a55697fd90f3B908F7cAcD5Ab2f454
15449114,133,272,575,0x0000000000000000000000000000000000000000,0x4f00648aa62620fB287571833EDB6e7b471BAa75
15461457,289,434,138,0x127fa43E17eA1a819cD07692Ee17D4F65E927564,0x7e77e3786a7283053Ad015038d5695B87607d11F
15473938,268,721,366,0xeF40c4bF712CF78d217f480D8EDB27568c165cb9,0x1b49504d0BA12df901b94bAE3597c27AfaF40007
15515394,146,346,428,0xe9e9B22B65F17808880f726334BAAfAA8A124Fa8,0x791d96cA91981B0Bf7F999E75c9bf96eD1F3625C
15518815,152,207,428,0x791d96cA91981B0Bf7F999E75c9bf96eD1F3625C,0xcAd1068170e9E7455D105944A74eDC301c3bB293
15561614,62,209,138,0x7e77e3786a7283053Ad015038d5695B87607d11F,0x3068ec29d8251928b3fecf0D4278af115206bc29
15562100,109,182,141,0x127fa43E17eA1a819cD07692Ee17D4F65E927564,0xDB1bb9262897F66A338efef6924f2d0D44680AF8
15575371,136,262,277,0x22A676B52392591bC6c7caf51c14b38f5e0F3716,0x77DA0BD38461d28eE1299dbA1343288Cbe113Ab3
15575586,152,294,22,0x127fa43E17eA1a819cD07692Ee17D4F65E927564,0x9fa2Ad6EB6a55697fd90f3B908F7cAcD5Ab2f454
15575589,186,392,273,0x829004098cFd973A574a7c18dce5CD10EAa96Cb0,0x9fa2Ad6EB6a55697fd90f3B908F7cAcD5Ab2f454
15575742,8,6,274,0x21426471eBF0b7db0F07216d81a897B5F5554394,0xb939392FDB1381E191350E72b7bf7108257ff1F9
15618201,93,127,576,0x0000000000000000000000000000000000000000,0xd33cBaAD2D21810530351b86208d69aB6E184B40
15618262,158,336,141,0xDB1bb9262897F66A338efef6924f2d0D44680AF8,0xde60519f9041376E921a6A44F117D16A52372d4E
15618997,91,117,262,0x21426471eBF0b7db0F07216d81a897B5F5554394,0x4955D905336C9751734c62Ac56aC4AEc0f3053B3
15620069,172,382,577,0x0000000000000000000000000000000000000000,0x4955D905336C9751734c62Ac56aC4AEc0f3053B3
15625289,190,384,578,0x0000000000000000000000000000000000000000,0x2b8A5C254D776a90775a502fD97792ab33496461
15637861,235,341,579,0x0000000000000000000000000000000000000000,0x4dDAc376f28BE60e1F7642A4D302C6Cf6CAe1D92
15637861,235,342,580,0x0000000000000000000000000000000000000000,0x4dDAc376f28BE60e1F7642A4D302C6Cf6CAe1D92
15637861,235,343,581,0x0000000000000000000000000000000000000000,0x4dDAc376f28BE60e1F7642A4D302C6Cf6CAe1D92
15637861,235,344,582,0x0000000000000000000000000000000000000000,0x4dDAc376f28BE60e1F7642A4D302C6Cf6CAe1D92
15637861,235,345,583,0x0000000000000000000000000000000000000000,0x4dDAc376f28BE60e1F7642A4D302C6Cf6CAe1D92
15637861,235,346,584,0x0000000000000000000000000000000000000000,0x4dDAc376f28BE60e1F7642A4D302C6Cf6CAe1D92
15637861,235,347,585,0x0000000000000000000000000000000000000000,0x4dDAc376f28BE60e1F7642A4D302C6Cf6CAe1D92
15637861,235,348,586,0x0000000000000000000000000000000000000000,0x4dDAc376f28BE60e1F7642A4D302C6Cf6CAe1D92
15637861,235,349,587,0x0000000000000000000000000000000000000000,0x4dDAc376f28BE60e1F7642A4D302C6Cf6CAe1D92
15637861,235,350,588,0x0000000000000000000000000000000000000000,0x4dDAc376f28BE60e1F7642A4D302C6Cf6CAe1D92
15644622,92,156,560,0x656fA107c049Ed3FE7Ec16d1F2B2919e791fFD53,0xb863fCc868e6249476F5fb8fCA89FaF7Bd6b5500
15690634,200,409,588,0x4dDAc376f28BE60e1F7642A4D302C6Cf6CAe1D92,0x3E4d740FE297874769D7c51139f0EA663D50bF5B
15690637,122,179,587,0x4dDAc376f28BE60e1F7642A4D302C6Cf6CAe1D92,0x028922106555DD3909F7aF0117062fFb6a16B9d8
15690640,86,150,584,0x4dDAc376f28BE60e1F7642A4D302C6Cf6CAe1D92,0xb44Bf6CDb95Cc0C5F2b787C6f01b8fdCAFfB72F7
15690660,107,188,582,0x4dDAc376f28BE60e1F7642A4D302C6Cf6CAe1D92,0x10665581d1ce1ef67593b7770F9fA555C9009C06
15690662,108,311,585,0x4dDAc376f28BE60e1F7642A4D302C6Cf6CAe1D92,0xC455C5768B3EB3A5687a71Cc941b051Dd1F403B6
15690708,144,223,581,0x4dDAc376f28BE60e1F7642A4D302C6Cf6CAe1D92,0xEce01bf17ECC69d2D88b1a84DB32f9b9c7BF6292
15690915,169,344,586,0x4dDAc376f28BE60e1F7642A4D302C6Cf6CAe1D92,0xe4A24b53C97A25A21fe0Ee6a1a1F652A5dAFe88f
15692298,69,145,579,0x4dDAc376f28BE60e1F7642A4D302C6Cf6CAe1D92,0xa4e64fE9AFbd705F6e55A3989f490cba094cF86e
15721266,220,402,512,0xDd2ca8a3E754da59626e579f5Dc8119843335BCe,0xB7707b8e88241E77064725099113896bEd5c3Ed0
15735908,174,252,305,0x7C3db7eeE60FAD212D6BBcd256FAC8782a21b5fF,0x22A676B52392591bC6c7caf51c14b38f5e0F3716
15745266,118,162,582,0x10665581d1ce1ef67593b7770F9fA555C9009C06,0xC5A2f28BAcF1425BFAEA14834486F0e9d0832155
15761586,107,174,153,0xAca3b4110403F3c4dacb35A7B3Aa0a84eFb6A3e9,0x996e1d4ce3e1e558889832832004B2466153adbe
15761592,64,143,157,0xAca3b4110403F3c4dacb35A7B3Aa0a84eFb6A3e9,0x996e1d4ce3e1e558889832832004B2466153adbe
15761592,64,145,156,0xAca3b4110403F3c4dacb35A7B3Aa0a84eFb6A3e9,0x996e1d4ce3e1e558889832832004B2466153adbe
15761592,64,147,155,0xAca3b4110403F3c4dacb35A7B3Aa0a84eFb6A3e9,0x996e1d4ce3e1e558889832832004B2466153adbe
15761687,50,399,154,0xAca3b4110403F3c4dacb35A7B3Aa0a84eFb6A3e9,0x996e1d4ce3e1e558889832832004B2466153adbe
15783664,72,79,364,0x0bb23043Cf140a0F60eb931FFF04993866e58401,0xe5E0bA02593981B61073324201F892F2EA985F5B
15888291,66,103,489,0xa8A2Aa7200B360e9B76fAFe60950a587449a0ed4,0x7A70536c4D695B1Ec9DF972e91461E834bfB00e8
15888291,66,106,504,0xa8A2Aa7200B360e9B76fAFe60950a587449a0ed4,0x7A70536c4D695B1Ec9DF972e91461E834bfB00e8
15888291,66,109,568,0xb44Bf6CDb95Cc0C5F2b787C6f01b8fdCAFfB72F7,0x7A70536c4D695B1Ec9DF972e91461E834bfB00e8
15888300,169,228,569,0xD6b954F59F0Ebb252Edc7796c64BA167A1E2efAB,0x7A70536c4D695B1Ec9DF972e91461E834bfB00e8
15888300,169,231,356,0xBB02186bF46f30479f20bBcF5C63D98c624D1698,0x7A70536c4D695B1Ec9DF972e91461E834bfB00e8
15888300,169,234,400,0xBB02186bF46f30479f20bBcF5C63D98c624D1698,0x7A70536c4D695B1Ec9DF972e91461E834bfB00e8
15888326,291,414,61,0x327F66c77330AD01CBe89DE9523811CBA0c33fE6,0x729Cfa0F61946C8A558Da84103F332d310A9D26a
16158489,67,133,333,0xb0086CEd87CeD727E01c3b15E54D7Ef04301aC31,0xD6b954F59F0Ebb252Edc7796c64BA167A1E2efAB
16158489,67,135,332,0xb0086CEd87CeD727E01c3b15E54D7Ef04301aC31,0xD6b954F59F0Ebb252Edc7796c64BA167A1E2efAB
16158489,67,137,331,0xb0086CEd87CeD727E01c3b15E54D7Ef04301aC31,0xD6b954F59F0Ebb252Edc7796c64BA167A1E2efAB
16158489,67,139,330,0xb0086CEd87CeD727E01c3b15E54D7Ef04301aC31,0xD6b954F59F0Ebb252Edc7796c64BA167A1E2efAB
16158489,67,141,329,0xb0086CEd87CeD727E01c3b15E54D7Ef04301aC31,0xD6b954F59F0Ebb252Edc7796c64BA167A1E2efAB
16218506,79,191,477,0x0559D4f52c63732853aC1F4C50b6F293cee0b646,0x9f4332E7B44583Ea11840b166f43e64d4687fF09
16251732,60,154,578,0x2b8A5C254D776a90775a502fD97792ab33496461,0xA02F1c4dF430999F45F7201d8F5B88b2b5fBABc8
16255762,1,1823,136,0x8aDc376F33Fd467FdF3293Df4eAe7De6Fd5CcAf1,0x084421E21DC05ca946b14F0868791f489057CC00
16255762,1,1825,132,0x8aDc376F33Fd467FdF3293Df4eAe7De6Fd5CcAf1,0x084421E21DC05ca946b14F0868791f489057CC00
16255762,1,1827,133,0x8aDc376F33Fd467FdF3293Df4eAe7De6Fd5CcAf1,0x084421E21DC05ca946b14F0868791f489057CC00
16255762,1,1829,134,0x8aDc376F33Fd467FdF3293Df4eAe7De6Fd5CcAf1,0x084421E21DC05ca946b14F0868791f489057CC00
16255762,1,1831,135,0x8aDc376F33Fd467FdF3293Df4eAe7De6Fd5CcAf1,0x084421E21DC05ca946b14F0868791f489057CC00
16330593,64,191,159,0x7e53A3857F6F80E4340d2B80b24CF893b5aD41e4,0x10A2E2EbA934C9d494d49B1847eeb103F89746F0
16385561,56,152,477,0x9f4332E7B44583Ea11840b166f43e64d4687fF09,0xF82d46E02DD50c280050D45f22D7e22aCEB0F0ae
16387937,109,286,104,0x473888e67636661062daD4CFfC92a39437810313,0xdeaa067E429Ad097465d8f3B50cA306f13061038
16455901,114,277,589,0x0000000000000000000000000000000000000000,0x247Db348044753073d6764Db503945148b1Be554
16466440,54,101,189,0x6ba8007bFaE4D658bB70674948DB037262f0d236,0x0dF5D646DEE223a87D55B6dcA210947d1745FC89
16473769,101,264,588,0x3E4d740FE297874769D7c51139f0EA663D50bF5B,0x05a9C8bD829B5A3A9a8862E7Ab6cACAA793F672C
16486966,122,348,257,0xb09A022D4114696324A54a80e6a62A24f8E38599,0x1d4B9b250B1Bd41DAA35d94BF9204Ec1b0494eE3
16693679,211,365,588,0x05a9C8bD829B5A3A9a8862E7Ab6cACAA793F672C,0x30dA14E3F22B95fB926754e0D308714005Ff1825
16708679,53,127,590,0x0000000000000000000000000000000000000000,0x6F3bA8A845D18D32bE6985650E449d7c29926F7F
16708689,137,282,276,0x21426471eBF0b7db0F07216d81a897B5F5554394,0x6F3bA8A845D18D32bE6985650E449d7c29926F7F
16708689,137,284,331,0xD6b954F59F0Ebb252Edc7796c64BA167A1E2efAB,0x6F3bA8A845D18D32bE6985650E449d7c29926F7F
16735339,165,343,591,0x0000000000000000000000000000000000000000,0x562257821731283b842cF689Df9941ddBeC3a2a5
16756107,113,172,331,0x6F3bA8A845D18D32bE6985650E449d7c29926F7F,0x000000000000000000000000000000000000dEaD
16756143,113,233,276,0x6F3bA8A845D18D32bE6985650E449d7c29926F7F,0x000000000000000000000000000000000000dEaD
16756146,99,196,590,0x6F3bA8A845D18D32bE6985650E449d7c29926F7F,0x000000000000000000000000000000000000dEaD
17009681,62,100,366,0x1b49504d0BA12df901b94bAE3597c27AfaF40007,0xc589630A48C26920BD1DEca9DD522Aa547380f4e
17136451,74,238,131,0xEA5338F40A649b58f15eBA78eF67262558343F03,0x354d4D759c49094f60D537bfD7177c05b70c20cC
17276148,100,629,592,0x0000000000000000000000000000000000000000,0x3b19FbF23aA05b70C28D2FaCA1d565dDA8e120F9
17281817,113,242,297,0xC690D326aA37E6A518D3eCc15bB7fF2cD72089E3,0xf503289aD06424adfe07b998cf775CaD69C462a2
17281817,113,245,585,0xC455C5768B3EB3A5687a71Cc941b051Dd1F403B6,0xf503289aD06424adfe07b998cf775CaD69C462a2
17282832,35,140,584,0xb44Bf6CDb95Cc0C5F2b787C6f01b8fdCAFfB72F7,0xC950044940e9DE74A1e595F7DE9Ba7B3785D483f
17377751,108,240,517,0xb44Bf6CDb95Cc0C5F2b787C6f01b8fdCAFfB72F7,0x2e7582BAC8D4F2A5208829b6b88dF92F8dcB1184
17384363,68,489,560,0xb863fCc868e6249476F5fb8fCA89FaF7Bd6b5500,0x656fA107c049Ed3FE7Ec16d1F2B2919e791fFD53
17384433,99,200,560,0x656fA107c049Ed3FE7Ec16d1F2B2919e791fFD53,0x811A6097568b318AB9964D288727c05B48e2da0A
17498266,138,243,160,0xccBF87A238391F752D594cF9407099456053fa02,0xE6b9BB760e56e3f43B6E839Ac3D738039eC0cDeB
17498266,138,245,334,0x5B443cD7739B4eb26b7dB17f9ee556d75a069401,0xE6b9BB760e56e3f43B6E839Ac3D738039eC0cDeB
17498266,138,247,514,0x60fC79EC08C5386f030912f056dCA91dAEC3A488,0xE6b9BB760e56e3f43B6E839Ac3D738039eC0cDeB
17498266,138,249,22,0x9fa2Ad6EB6a55697fd90f3B908F7cAcD5Ab2f454,0xE6b9BB760e56e3f43B6E839Ac3D738039eC0cDeB
17730162,68,153,275,0x0C6A3617045D8e7223d2574b1FD157dC8f1c3e6D,0x770312e29847CBB0D5a6b3ed52C10A467505E18E
