0x7382BCf0BDa75E8CfDf5D5D7515C6aA59D480a04,246
0x20F218e2750cAdd86cc9b87909e32Cf1Be6Ca651,78
0xcc44C4aA17CB548c1b37973A46fFc8EAE2c8BabA,78
0x23AD5A2d9A73a9E0B8173163352bc8fCc44a2999,77
0x214F85FcAeea5930e090571FE1E7873CF851cBa9,71
0xE63feeBD79d41b38B5DC5b8Ff3682dF74fB28D09,59
0xCe1A1E9d2ad0fCd8122F8587e36B3458993c9c0f,51
0xf0Ec0bb719237A738047215AaBDd746bF967f7C7,50
0x8eFcFeB17e10Fdec11E28E856c7A06534C3d86D6,48
0x2e5F53bB80c3e365334c25f9E9dc124104dC5924,43
0x0bbe0fCf833f95b6a502BbB1957fA8470f71a60a,35
0x8FA6FF30297FcC79ae96c122a81B0C36b440955D,33
0x2d1EF4aCf4cae6a38950971AaAA15f88D9b3f165,32
0xEC3107f87405eC3b599F730a39567183Aa115a0b,30
0x137e00Fc89913A81A78A0f1d844F8BFb5b7AD399,27
0x3Af43Ee3EB822e69688dF60EF19FEd466f22828f,23
0x1252bf1BEeA27b001d2e324069e92d83722Cd40F,22
0xB527198a114073a7F097eC866AbBFca2995EeA36,20
0x86394ca1e3Fb837A9AB6A9757EC58De28DCe11bD,18
0xD3921118768b0aFf8aa2074559E2748cE817AB24,18
0x163970ef9D4e3aFaffc43b80CbF1c56745D07674,18
0x4B2ddbf3dD42edBeaEAc2295a26202BD0b45F221,17
0xDd710235ccD438993152184532a626d84372d31d,16
0x6E6F4544ADEbFcf45482a3Bca7985261691120D3,16
0xa474FA0A0730816DE8a40abF9c028f31d9553C43,15
0xC06A83b03b5273B3abbA3a20fbd905aCc3b49f42,14
0xccD5C161fA7A1aA837deF6D426152991b9227401,14
0x8D6662Deb08786547aF2C10AA609d469e545BAF8,14
0x63aF4dEE4cA4EFF2360A59410dC47E82fe3A6Cfc,14
0x57986F7533D7948745191b2aE9C476828270f57f,13
0x9f46a88a407b0A051421f284eDBA5A0a73048Ff6,12
0x4643F7336d0949aeA5C6b382413BbE2262DD220e,12
0x1de70e8fBBFB0Ca0c75234c499b5Db74BAE0D66B,12
0x3A4aA2841B72A2c8BF0dD8fAE828C1118F5d25E2,11
0x362cefC6A17F1814f5A5117B05C59F45D3541D75,11
0x0Edc2C64D952E75241590aC5Fb10077395F93DF6,11
0xEAcDD6b4B80Fcb241A4cfAb7f46e886F19c89340,11
0xc8182B55Fb49aEcC518D10E8E13326AA73142b91,10
0x517bdbA877E071fC55e8c69aaAe1d4f80f86e118,10
0xcd313c5DaCbB197aDA1Cdf948Be3e1361A81C9ea,10
0x971b4a65048319cc9843DfdBDC8Aa97AD47Ef19d,9
0xF1d360916F32EbC1192e98650Ca616930A3Fc88d,9
0x96FD61202A698ee3EAC21e247A6b209ea5ffEb91,9
0x90B8b5972B73a9D6d41B4236366c4483F564e08d,9
0xD3b2C978626dba816a3E58f1853d87Ea44AbC0FB,9
0x661821B1D8724e2dc6344420dcAadBd78f076f75,9
0x933fb91573AB07d14d40f259fA205f6b2D0D5a6c,9
0x793846163F80233F50d24eF06C44A8b2ba98f1Aa,9
0xE16f33B47e8E2b04869278d0c6830a06602ef87F,9
0x08528e30304CE983f9Dd1c3fa878E8ac7b4bd483,8
0x30055503b3B3805321FAf4Ef15838bff5fEe6D1E,8
0x7740Cc89a83DD38998f2AC2D91eB892006860b58,8
0xfF068Ec86c2C511D909ccb55985707B49Eb4180E,8
0x1523a02C1454c2f94e4e79Edcbe7D8efb09cCdDe,8
0xb11D78D0974215f67Ce54338a8D451dCD175F81c,8
0xCF3984f4CAa584BEA203Ba2D2A80E05aD8D8C0C9,7
0xc529E7ADF4e5Dfd69B13A87F659b4b42BcD331e1,7
0x49F96C9D9f58453d5f464bF7A5cF13a3328BD969,7
0xf4000C26fB116fcF0aE93F04d8858bD81a59C8c6,7
0x89BD1a08953aD1bC0f802e1D0E31F5279A7c9968,7
0x34f60B7909222a1EA84eDFd49D7eA490Eee72e86,7
0x3E9b41c6B25768b26C2869DF9fc596b4866784c4,7
0xd8Bc3614df9F3edda62014B9DCC4A4aAA618946e,6
0xaC565B86f96B7f42516769291cD8a64254319195,6
0xA77D6b4c95a373dC05E792bD105ec92b53b02633,6
0x23711364E014aB455DEe32F02E6D2aE7D070F9B9,6
0xBf4b61A8B9974766769Ed7DFD22D1C96647174DC,6
0xF3EAB93AaD4D9fEe50A0b3072a56b9A1041859bA,6
0x97F3ef2a3512203fAA6b92Fc731Ab90bDBb631Fa,6
0x2BAA27a84eF1f75c249D116E7d214B7A42DCe38b,6
0xc036e5eb458CD6A72C1d04f881ea520939995e47,6
0xA81D5d70AD189Ac45a80f406A5Af09CBCDABA02B,6
0xB1cb39B595721c2c7776Fa47a030f1f3ef5e8AA2,6
0xF1669BF2fBF4A8702A54404D459E98137C7514EA,6
0x815612815D7fB01B1E8a97fe4A0996e77245A3Aa,6
0x51867BB682047166032c990D75F49389168C73A2,6
0x9c1cBE6DbDe00D48b5266cB0427C152602A7ce69,5
0x9D1db972141C6c42e584A7D9c0a415619733C214,5
0x04B9Fa139146a5Ac3f6eA39464076631eddc76b9,5
0x4C85eC70Cf1a61ec09F3a8c982a96C71E20ba66e,5
0x39085d7Cc0134F6227D4c27D75AC80c20d092503,5
0x3e0AE09FD5314B3aEa6dd86F370995b5ae8CBa35,5
0x89eaCc5AEE6688F75935b2240D74742f37659f64,5
0x70298948F7d3A1396d18BC97bab079dC1194D96c,5
0x86B38CA19E01beEb46fC5B7954EAF2DA58c93EeE,5
0x561600163dfa45273616BCBB5Cac0c6949D0db6e,5
0x4FBFE1874d59ce3469fa5e31e4e5144eeCd4E1bC,5
0x42a60D2f2FfA2150C568010A8D425f0AAD284fd2,5
0x63107998d037fDDdF84FC280fA3c6D8A82A43576,5
0xeC8501D13790E06441705c180a78065534c8360B,5
0x5Eb67a3b141f3036899EE77822A41277166c540e,5
0xBFAaf96BFD2b860A09e2168a3605a01a76bC0d0E,5
0x780DefEa4771686cee1A4D238c5A76db5a966A5b,4
0x1A6Ee3e6C6F66297B238330f2dED2eE439955984,4
0x31b64C39cdd084E0e62Fc7E0d4d81a7E8d0d404a,4
0x48be6ed662e463C8Ec790AbC52995ECCFEbCBD74,4
0x575740f581038F792425670FA6BFeBcC8e4DCDff,4
0x744d17684Cb717daAA3530c9840c7501BB29fAD0,4
0xC2FD911470aA5DEb906F40cd4fcF434b7E5F751D,4
0x2D2E638299BC57B90a93a46c10de2d6CF0c90690,4
0x29c29DE0B3dD00589891F72ab94e10739f7c8d95,4
0x755ff51d0A95e7F1BD7448506D7E691312F858bE,4
0x63A746b1f1f361CE1E85A00a5aaF6BAeeC262A3B,4
0xCB946AA75863a38404613594cDC91c74783a141f,4
0x6E1eDf43eAa6a4fc79283F7F9e68E8E2b0e4b237,4
0x23c78CD1c35faa89E3577Bfed0358daB71AE94fa,4
0xD1cd46934e9a22f9b4312fd7F2fe7061ca24ea52,4
0x2c302294d1d7D34d43c10B1aa871711DB4E3307c,4
0xD63674B5ddE67503b652008b6d908a68404E06B2,4
0x87dd9282247D03e8415C37025137752522DefCe1,4
0xE2763df5eAfe829705f2B49a713b887d3b208C02,4
0x0374BeDC8c24d4A88ca67e26407d0124727ba81C,4
0xCBAf23A48A50a5E7F4B329f01649FD14eF99d682,4
0x4EBb8d641a2F28B78538C33414628aBFfdD04A2F,4
0xA5d8bABC37F806faFa32214285c00E8D750C0bA1,4
0x5665785813011A5c37c10972f8d3D463441637C3,4
0x316198D34D0Ba8ED715c46eC756d5DdDE43d977D,4
0x7ba72D16d3bA6c632B6Eca4f1845880EF571f756,4
0x4c4D917F0825109f01F00098d4329833c59cB1A0,4
0xBD24860a918A05a4e9FD79cc1265C173341F4eCD,4
0x7604bdAF3a82A5C4caC182bAfeC3E3259Ace0B79,4
0xd522142844103C2C1662398aa3554B389ceb3F86,4
0x2E4814337382b1C1b9E8a0D1Db43140AF2e26BF9,4
0x4cDD8fF79688A74cb5167C66311A859953eBAdB1,4
0x24437F22bC7Ee46Dbd9fedf73ed5934F71d118b5,4
0x354c9a4277343E8149d816C8995A826cfED84D10,4
0xea52aBDD8C2c8B814DC6BFFE85453CF9A4DE5fcA,3
0xD8aB8a077b02670aae04bcdBeF15CAFEA0fB50c9,3
0x5602Cf5F3FE52671c9F2824187441d03A734AF6e,3
0x942Ae56DCc7f5683605F46fD0f27F360e18d97Ae,3
0xC676287bAD5015b8aF0F0018d2Bf064E4f32F9f7,3
0x560a757a2dd9E78A904879E858d970Bd92133cbc,3
0xf8cce1f24263b8f13078DDE439A23DbfFa9eEeF7,3
0xCE9E3486B43e22CedA9cFC741dCDf27d03087543,3
0x4aE33cEA703f5f43643a027416fFfCA03c12bB1a,3
0x4aAd47CF429dc976079648F739e094Aa21350B56,3
0x88751c204F0E6E2C56cdAA8C7c080454Ff012FFb,3
0x17fcDd289a3431cb9Be3Facbda08A26f15B7938A,3
0x5453B4a0dc3c5E330aA428EB0cE16977e948932b,3
0x3B96E9b6fD8024d415B78D46a7A6B3a16733c0B8,3
0x36FeD503281891b58E44D4D10aa2260f352E6fC6,3
0xF46299E549CDFCc156b3786A1898FC597b698c49,3
0x8cFF57Fe92c9443534a2E8099E4Fd2C932df76BF,3
0x7e54F999b3152c2A1E518840201f5D9816e4b843,3
0xe5D8A38750Cb7854DDdc769f8Ac95CDdAf211be1,3
0x6A33317bb7A3f02140a36d512B9653AEFD9b072c,3
0xF1837d25c493cf42fADbe3439c3B712454eFbE97,3
0x6506d81776826eA432c41d5147BAf28E9B8d2A8a,3
0xb66c15996394574CDfa5EA9fb3FdE48beCd5e884,3
0x4fdCf4B54CBb37550Ebf08F0b976cf563D032Ff2,3
0x6d2185D930b7ac6B5b7a552C7f2e76fF7C84ac32,3
0x2621DD0eb9D793c51e2f1e5Cf4bFE8a8c38622B5,3
0xcE191069f6bEa7f9BBbAF1fD73Fd3Cd4DbeFB8c0,3
0xd9e08A4A5f914b505D17E44F40fc708e772A590B,3
0xEBad09462e76c716415Bf3c06ac9Ef25e3cB8032,3
0x729250be25dC878Dd400Bf5BeF702DE77c83493e,3
0x0C2E0850c43D7c55c8A021D9C6204CBCd2c948d6,3
0xc67d174901A7Bfe73C7fE7f5d420AF178C4df633,3
0x815428DD0A945fC7D8bD1EDD7C82B2493e6ffC74,3
0xFcb738753924f268CB82a823f8e5679D532310D6,3
0x8ce6bA40F69531A88e6483fbbFf0da22d53B0996,3
0x1a4a72a747A1a7000A649449299442e05dA2c504,3
0x5fcBF7F27C7B76E0d44c642386B628ec09BbF317,3
0xcDae3F41C00dF7444e081fcA887d64330422e84e,3
0x9450520afB9C7a720982a50f15467Bdd1057dE71,3
0x0A25F3d8Bc23b87375d795C2521D1C49Aa0784B8,3
0x64ff68a7205d8faBCBD81598d706d3c0547b1E57,3
0xBb8517747dAB23eFDdd9768E91D80aB309Ae9f5b,3
0x8c82Aeee191EF32eEb4159d44A3414Ab38f8F31D,3
0x0659B23244C4436D50256B3Ca3239b6973AcF3d3,3
0x52348c48D05183D5d6D631692DeB5c112607Bebf,3
0xA16eca6E82F1119c47D17Eace3A335A36Cf35f7e,3
0x8026Be0a070a094313e8515e0e3D81c5d3967449,3
0x83ad2F50Eff479E7AD79Fc6BFB3B7124C32C9047,3
0xa7Dcc417c63F24F9073b667A5d7149bD38463d0F,3
0x8ebd466E6D4C8283c5e2e83Ae6B6fae293645c99,3
0x17b8c52503C35AA8C1099e7E0EafCbE280a72cF3,3
0xa946c445Bf7F1675309FCd3A968Da4dA4E3A107a,3
0x1b0F03087e5CEc8d1FCCfA6014F1cA20160F402c,3
0xB829B4495cb7F1e0803b3362cB84F95469808F70,3
0x5299B4B276Baec84ce92A70Ed3aBD147D8BeF58D,3
0xa779FcB74578A6efe793d539C1ee987D92554E5c,3
0x98C2c93F879A4222Acc6399F1C1773Df94342a4F,3
0xFca38f7Be45386642a4786047a571b71c989fb63,3
0xc1692cD69493436b01cddcbE5FeDbC911746A7C1,3
0x4fadA7757eDd7583c4A82a9D15D83A1A4D53a557,3
0x9f2b036f1158f505dD05d2753D813a84C76F4C8F,3
0x9E29F031de604162788dC97aC82ece2a42DFb54d,3
0x59e147Ec5BB417745356A1e2d9433F3A07D74419,3
0x75f13854179D1289fD34157C485a781702Def2e4,3
0x7b527Bb3a5D54D0F95D7F0f66cc1D54BC62e50F0,3
0xF51CeD88703eCBA71B835C1B52449ffcF85ec9D9,3
0x1eb23b166fdD63a7E97a974A75037EE574144a62,3
0x3448eC6462804Aec79561A8b379399141E22A734,3
0xd116EC51cEd0a7A49BEA6555f90872752448D8Bc,3
0x35811D86Cfa5f3C8f80B01992681d4683442C3c9,3
0x1d1661Cb61BF5e3066F17F82099786d0fCc49d46,3
0x0973d7292ED7D30883704Cafa7A6A342bBeDDFE3,3
0x1b9fBEAd09468A48eB10856Ba0eeB1649c6eC4c9,3
0xa5D5404864E9eA3104ec6721CA08E563964Ae536,3
0xa2063986E5d2b43ab71064e8f8BA81158EC561df,3
0x9a34E266EEc8C90360066e01b8D319Ef4BE4A068,3
0x34779a4c696915561501eC27c8fF9f97AF45875B,3
0x3589Cc53b10659505C12922A1F8E78bB30770B16,3
0x417bd239ddf849B7A4F77487eAAE20e50bdc43df,3
0x00F76E196ffABB7d4931E00c0Af58189A307F143,3
0x1939A73FEB7CD1799D116Feeda5f2deAC56C1a5f,3
0x089A94845EadEF0697969D67222646BbC1606305,3
0x66f6794168b6E0c8A55a675ea262625304E755f7,3
0x9bcDf4a804b283D71f9647f3AAb5db5d74fB6fcf,3
0x6444fF67a60e4d612F47236D7421E46Bc2cdc69c,3
0xd469ad58735a1C5FD533e69bffDcA5dA13ff0749,3
0x2C4965962223405a7B3520b4cdcf2A401620d28d,3
0x1A9a7C4c1510cA0E0E3D2733878A2C0DeDAF8079,3
0x5528680C692adbfe993E4587567e69F7Ac65B12C,3
0x6f1d13763c581dbeF3842595a2aa5B7B9E7ae4aB,3
0x718744687117503DAA5BEF5265a7cE1EA8f87B3E,3
0xbF9D38669f56fcB9ff13fF96485E4848A15885E6,3
0x35a8ef6621D7934A2c67f2C989Be57EC49496536,3
0x3912d7eA8140e16dAc355892653F3512C3cf3749,3
0x79c0aFf8061A34798bf79Fe85538EfbFE0603CE5,3
0xC2978441F46a76c60e0cd59E986498b75a40572D,3
0x10C6F85C234B9B05eD040988f5D59536759233FD,3
0xe528197E5991fE8a6CB80CAB9124ba985D050ce2,3
0x20e9503A6BC31765d3648b4AB67d035AA67c65A6,3
0xF138984Bd659edd8DE38fb2FebEdae8bED5E0255,3
0x5Ab3a4c2581bE19F025a2EB9208839507c46E5bF,3
0x857A468A06e8Ae3DD3C0d24F2653b45ECf6B4f2B,3
0x3BF54aCfccDd07285E2e7d7a4FeF2D71347314bE,3
0xBD909B92e28d15C4322c2435acFecC1Bf700307f,3
0x10485Fe2F23aFaa8a85Eef091b7233a600463c52,3
0xE9c806549414f838F1FaEe629706Cda38a9a41e0,3
0xa83Ec4c17f09cB161aba6c38A95742c8ca3ddd0C,3
0xc5cf8D4bef8C4897BB596c8e2a671767AD691964,3
0xb49B3a35d904bEB0709b6FAFAe02E4D8Af5AE099,3
0x2B2e9D15264452e032FBAf851d38bA0d9d4CB536,3
0xb883110E731021cF9C138A031C77E181b7373Ffe,3
0x5f312DF04b19979EF4Bd5876737cfa481A928C0D,3
0x58f673Ba5AAD2672fC8236B9A8ebC3eB98C6B380,3
0xBb1a5027643D93de9F11a7EAE87d06Cc7F6c5f56,3
0xfAF7D1f16fD10E0aF597CA77510E52D233978dc1,3
0x3dc4fF5F937491B85Ea6eA08de382d675adbDBFC,3
0x8FFBE85251FbDcA519554E4a3DD4035cBC4692c3,3
0x0bE9F7f7a5d1e19311989bbE307c4796A534d6E8,3
0xcD3aE3c85BcF40509d3227cc65Bed0A0278f883F,3
0x2C2ADD1C863551A0644876be227604C8E458dD7e,3
0xd2E5aC91A6F01000a84e3560BCb3c53e6d159642,3
0xF993D5474Cd607e26B57E1dE1556bee36De2D0e9,3
0xCD0ea446E8779448a1026Ff7489eC9D153CB481d,3
0x24a18aD37BccE7022EC1f360e9C53f31717A513e,3
0x0a79f6E8E031c973Cb5960EC251A24070C4D40aC,3
0x1D3adB9ab924451C25495d2b55c13059EA4D7dc6,3
0xA16c663E40B8C3F4C281CC99CCa304737b606Ad5,3
0x33d704D1347bBf81C05104bC41beE19e83C02205,3
0xDEB2113cD885dEe830dCb09A602221EB3F48c87D,3
0x12ad22B695bB0D42f0Bf5cb2EE4ffddFD6094FF6,3
0x1D19257aeFDaf6Ff10600EC487a6CF7cA0d63DfA,3
0x12834bc72D87b0CB478f86286c45289768f42DAE,3
0xE4e3c1524630B3D169A0974dcbB661df51fabBA1,3
0xaa8BA339dd9821a8b127b4Edceaf343207A0d55b,3
0x21C6d1166652e72dd4Bb946E8D081f1a9Cb5d660,3
0xE20C4225a967a12c40b5CAC343CA3EC7D09a2f48,3
0xFEF11555ce7e2c217a6D798c1b9Eb3b18aB884a3,3
0x2F8cA7A0D757aff095BBbC50fD548d9485567342,3
0x68368D180cDE8B61C85EC5705d248600dbb371Ad,3
0xf9e14c75901260d15A1FD62A30103f9281fA7B21,3
0x67071B08eb6Af4244cA1eE03054d7503Fe15CF32,3
0x3838306FE7489D780c045514cB4E2635594D5e4b,3
0xa733De1720cAf66Eac592adea2D00c6109494E9E,3
0xe903F0aBc73897293BA36cdA14835ACD3adAdf55,2
0x85E6cC88F3055b589eb1d4030863be2CFcc0763E,2
0xCC3A0aBCAD4aE2c2C683eab094C5836b569ca052,2
0xdC5d96F46382E27F8Cf3f7C3aFbd54c3B00D7111,2
0x46178A6a7fD882cE350431eF88fd935Cb70b1972,2
0xE063394FB2D891dC1dFc9d66E0548a1e8B4E5cB4,2
0xA4A5298F22a4c3951806237F9ce378396ABD011f,2
0x403627bdbEae326015D35ea7F0C6E2a4639b15B0,2
0xC2C9522e9FbB3F6682fFb361013D9560c2fF6357,2
0xDc5d6C3DC8A8c4aC74d7EB82Dfb2F76857570D56,2
0xE9Dd21536e8ab9AF4353286c248AB0dadB64d9b9,2
0x21c046E2f5B7b111615Eadf1Fc233b75eEE99b20,2
0x1737A9D297E00c04184F14C78f312c28d03d4686,2
0x70f5564064619989eB2C1dFE47db603529416D3E,2
0x37bB5b9565F384a82C74135FFB2e413C0ccA0588,2
0xee876A20379ca2eb5e7d9e0428Df08ee387b3e39,2
0x43f631992C5a5227Bc2035C28FEfc7183172d3Df,2
0xb5Df726e490BC6a17aD44FFe32966678b16596E0,2
0x6F834E9AA49D2ACE73e51fdE107882185cAB2e57,2
0x3C247FD32385C3A6D7Cf985cdae42D3F76Fb036e,2
0xc8Ab8157921BD0E02736E4bbAfAd4e38F4BBAd99,2
0xB6821f76bc1cE7eD389D95742850897A8B4D18B9,2
0xED11dC6AB8d323BbD8051aDB091f6C10ADFA6734,2
0xcB93aE25dF9941677bC9D963db0893b44626163c,2
0xDa0100767970FAa0A96e13515013Bb8C655115B6,2
0x2a0997DAc87a48D64d2fDE670FCD089dbf7Fe324,2
0xfc92f989d0882AcDb4c9F263d6283064BE2fCF50,2
0x1eE492E83739EFf40eBcA92fDF09404619E80D81,2
0x99C14EAE593F72cD2B3762bA63AC5A4533De619a,2
0xf29a79C7B789332a447A637De580046592E3aCf7,2
0x1C62C89cf3f57EAE7d61F1490C985ee82452752C,2
0xb358Dc4D553a54c6EFD2FaEae7DeE2b9361cAb6B,2
0xDB0078147c413FcfBCa8371f89596980Da4641d9,2
0x3Da808F63f3A789e4C053Da7085e3c2828444F5d,2
0xc2e08D75AF2C97BabAa4708800Ce6E2AAaa762B4,2
0x56191f982Bf1b6EF17817CDD3a330Cf835007eeD,2
0xd6D76fac23E3e0160E2127Fa50222F65CbD05903,2
0xE95E68a661aF1027B9EbFdd4D4E1D62d38b8E6b7,2
0x79d35b2B3C3ccCEA06e4AaDd37889a803618D48D,2
0xD2b7F48f65dE7Ea230cC6B56e6619135DcB5D514,2
0x322B00D7a6b2Fcd873c9F3154A1C00e4FC0967cD,2
0xC6696836C052882c1504746f23FCD494de8691F0,2
0xbbe069C35D16171e9bf8FEE7a9A79D08d1f810dF,2
0x63B53dD0cf6fbE57408dFdd7df0b7fD18b58B094,2
0x7fA74Da20785699Ef24e9540d44E7976012D4241,2
0x1a97Da86299669fF12aCe1a576D907e64c20213a,2
0xa50FF6aD20aDC10998e33F52b63d71f26C34874A,2
0xEf103307BA56e3F079631Dc5DCeB31F4E4EabdB5,2
0x237fA38a894963Ed11cC984e8D72256163cE90a7,2
0xEdb06c2Fc7cA9EBBCf83A3301482b79214E26404,2
0x5F7f145697ea12Bc78A84C81464528085724Ac34,2
0x03E0469CA10c8B3A76A5312fB6f2A06698934BF4,2
0xEF7F5b78eA1a28AE2158fe9b99b4094F007A8E45,2
0x8b2948F3e283653b778bBB3Ef6145a0738AC615b,2
0x7aB348c8f488A95fB26531648295eDba50a5e6F8,2
0x5C24B7308637513f593b6E5005135186c85e9c11,2
0x5d39a207C9eb7fbeaaF90C7433c09f0edb41cAf9,2
0xD85eAa28001abDB0944a6667A2fbe8ab79E8d927,2
0x5145Ede9068EEFA6d2881539ABB458d7e3070cC6,2
0x3bD96c7Dba428E33BaFD16F59Fe4A3C6Bf7c336E,2
0x6Cd68E8f04490Cd1A5A21cc97CC8BC15b47Dc9eb,2
0x848b9602A21344c3B4D1bdD97fC8A94f494913da,2
0x3b4d56883134FB181b40230EBa2CeeCD91130c87,2
0x4A17087118BB70616392E93D8cA1c745B8f6aF52,2
0x3eD74041F03D1Bd7f2A1AB61aFaC5a8022983a04,2
0xE2c3D8a488F55e0FD322bB5b3FBB3F10F12EfAF1,2
0x70880A9E47De605A24e28D896528c8f88d5c6A06,2
0x053C0dbb58651e5e12ea5d18F01013d34D20C623,2
0xD378Ca5fffAa6701c2aE9a71120D702cc303c7E5,2
0x489cb726a939d56FFFdAD680A0485c17a0a39DAf,2
0xc2B653F317f034A1d0b8bBBB2b194e1D9C4BC103,2
0xB5B5a7eE519964dE91BA6B763614e058ED830025,2
0xc108668fe9F05Ec38f83815D704270C3da828050,2
0x58c59dccFFAD6Aa1B9260aa50EB1F49FFB3E253f,2
0x57465C6cf89e004aDaC5d138CDB31fe5c72C0435,2
0xBb478A96F28db7a66AD015B65dC253De71Eb1AB7,2
0x12EBae87933ba8731D50E2D6fd47629672122874,2
0xEBD8b7ef2A9989aB2552b222b5F91615053E4F80,2
0x37Aba4fFaB4Bd5dcCC271403b94D3c2518544032,2
0x44AB682f63F0f896aa8AbB9a930b2C61f335C4E7,2
0x3a14F8C5Fa803B28A97B681E1E4fc6644a7f0C29,2
0x765bAC245d39a2524a39A91B1202a5A81E63CDCB,2
0x7Cf89F4C3829565d24ff58F9312Fe9bB50Ebf0C1,2
0xEfbC27dAc70b7dE2816dec75252274EcfdeB3123,2
0x9c7f9Cef731487c90EB9dd44b4C109BC1eB7042F,2
0xa5907ed9de998267c7B1A5b51BcC3739Ed482634,2
0x3e2A6a0Afd3a62c82eCCba73D86b2838A8C19165,2
0xD1E161f4A74a3b3Db19Db23537ad30042F9BD02c,2
0xe3E9AA40cF318973A67c166720E00A30964DC787,2
0xFe92b5901f5F1d131ea39A002CDC63092e39FA8F,2
0xDC1DF1B1cdD3D6c7A71f55F4417f7809c66c8859,2
0x45D957E1647008509D739BB830cbbeF8448A9d8d,2
0xF3123f2431c048561DA63596C930cBC67758A1F8,2
0x6A36a1dcEA3522368BCAB154B737cA71d51463A3,2
0xD046c682cC3767EE363E00AA9601CE4014E46920,2
0x6529d551d96D775c60b9E850fC0CAa9c42150E96,2
0x1Dc7AF8739C02B757aC9b3ba92Ab561dE7E3aF25,2
0x7D619E2598A2F24188497f65A2d9F12e6Bfcd985,2
0xE7F2b263AA573Ed8538445AE3F470B7DcBE5cA67,2
0x8ACd9Cc99d622FDE692F0f6eBB6C840C41D7DF08,2
0xAe13d5c548138762645c1a3a9251D56e2E358AE0,2
0x740442657b356e2cf6C406Be212273d65dA45786,2
0x1889339e74263c36F49F9Cc1C42F1ff2bfD3c94E,2
0x420B8ad1A49B3f6b33cf418aF3bA8b95b146Be75,2
0xf82687fF7060F719084746b960b3AcD1aF721Ce4,2
0x162D7247974Bc728C735C95E64c916F2b2c32e0e,2
0xFa3eB2d725B5997bfCD7Fc324B41A7cC24A655fd,2
0xED4816c5A5173fcC0F768691644dd3998c00d820,2
0xA71061DAB2228346D89cCcC11BDa8629cE898251,2
0xD4DDc6316F5704D43518aA574325EeefC33BD3C9,2
0x70eB0Bf3EA4880816235Db1E77276DCaf0326283,2
0x497A9a22EB7d089FEBB86FfA68D4cb07a54B6eD8,2
0x2D23b731e5F04996A2Dfdbe434c7D922aFdb5E00,2
0x01d80af2b4A3208Be846452060E13Feec36e1EEA,1
0xF219122B1494a0Feb4C0da7037b9773f8B472Dd2,1
0x8E3e13554ad5A10b224f9021D77bEE8ECC217c26,1
0xb62191f0696179a4B77456e12464de587F1B58Ff,1
0xbee01CAeEFa792FD883C74f88655FAC571990F6e,1
0x835b63a5322bE739E743548F299eA553A748A47b,1
0xe048f1b64039f17F65FEE7393025A46AE3DEf6b9,1
0x532498c4d639a7e775420a0804BA90d6518c09C8,1
0xb217e9529Bf2208E76D9016B7411F335E30f0ad5,1
0xBf75d7db925ee6CBb1308614d14bE424C433Ba63,1
0x8277628e80d40FeFF383D8ab7fE255113f009678,1
0xd0c41646A77D47a7664d9cC314B83A0a6A3577D5,1
0xF180b79C4055eeD0f00a7Db84f1a35c85682377E,1
0xc317b591DFd423C689B509048fE01A90a1920C99,1
0xd4C9a16257e2e7b212D3826Cbfa23F576386a469,1
0x1049b7652141415954A7F6567F3b595F3FC49Cf7,1
0x44c6Fa0ccEc854730298681EB45884dDc9CdF0aF,1
0x275bf84b73150F484B394F55b7bbe8ECDB5DDF5D,1
0x9c8847D0bE33D63e2627F8A647AeD4585f774789,1
0xc71FDAD7b4E9E626638bb4867d2bac8d183731a5,1
0xb44af26ff1402477821F8f7a993251a3BD6A8b06,1
0x39B4b13866EAB44271CB0d17F01650D42FF0d9E2,1
0x0E915D48c85a6C8a4A1F8EbAE7CE1ffb0db5eaD4,1
0x50bf17E58bed228bA0F5ff941A05F98924FbEF62,1
0xdEF54a12AFC66b0dfbdC9B4136dF041e234D4b98,1
0xeA2e94274537fEB8E56559B8dda4B0F02FB4f51E,1
0x990790cb50118dF55109fD25256dE96B00D28A57,1
0xA47890511A1D4eDe34834F83642130cc98258980,1
0x84038bc7772eeBF4364C6899eAb4B6B61c9f3423,1
0xF7523564Afe091d8763594637A95227e46cdCAA7,1
0x2bF48c1b9af63A584aF84a6c48361e2E60229517,1
0x3f80d051eF89e9316f600b77A88cb50F72771699,1
0xd93CaC570ebF525B4F1f725606dC8BC4d81ABA63,1
0xb4Ef60EeBFE4F9D1ec638313A87bDAE68aEc37c5,1
0x3FE231336976a918ac9A30136C6A728EFA0046a7,1
0x71b4D68772B7561f8B737bD44e2661C81aDBF66f,1
0x069B9455316FF03CF2a59073A05063564F3c1e09,1
0xEb04198034938A1677CbCF1ee3A01D70E8fa28c4,1
0x2FAf55a544c5F73666438BC185aeCC9D685E6E3C,1
0xd7b7328e6313FBa04B9feAa542b2437E1cA57D22,1
0x8C75a32d985A2d2A1e8ccE52a75aA0DbA46FbF40,1
0x3C5A422DED9A220D6537fa86fb81DB97048B9EC8,1
0xa2FEAf032c27Ee51E133143020244AF2AcBEBe58,1
0x587cAf20EC6FfB3E6a93738D99BAF87943D088Cf,1
0x63d30366e89edEC6EB1aEad4fD84AC6E354cFe04,1
0x56e5C5020792F767ee3aAf0FF42a87cb68A2797e,1
0xE3D77A45330276FcCd6f003CBebdBB13A1F76877,1
0xD0F7aa883B399E230b3BC8CF59d80985daA3C17A,1
0xE11D08e4EA85dc79d63020d99f02f659B17F36DB,1
0xe421499c1376327B5683e50Bc785E4973Fc38BEa,1
0xBE14CeD93f7d067f6983249d916D178bF6500E1a,1
0xbcB579Ffb879E27D08d4448632e60934178660e0,1
0x842E31D3D6Cbc319989055a605A02a684913979A,1
0xb8dD2504A5D05adb777206f7e3AAC765bC493934,1
0x7E5b203b6584Cfb27eF0A988fAc91FAba21db56B,1
0xC2EAb701eD6ca348E18388fEa40991746F2EF1E9,1
0x9890b9970EDcbd96ae89008aDbA2f7319eECd7e3,1
0x91d9209A6a5506eDBE16085d0411375d27477925,1
0x6B141A480FafF0EC14633585afE04E4d0964b100,1
0x453057135aFB5d5Bd68cdfbd347718e037D9BCCb,1
0x788908F2b641af007044FAE3bdb7e4Af45C45789,1
0x953E9e00342dd8aB762350C70a6076DbE4Aa7054,1
0xf53cf50af1f8E3a55601D5a3A98F3C90152882Cb,1
0x815eF015275F70143027B9857c568dc2F325841D,1
0x06f46C99142AdD3699142050c2d93Fece29Df7a3,1
0xF574506348FaC8AdCa50302a94BB56f513991A75,1
0x2779B6DDfEA42650Be0A7213F8e9bd4E74E0E293,1
0x7A198392A9Fd3B24cd6F3CBF9f15ED48269c8fCF,1
0x59FbA7faE2aEA12E5F2402AF90ee1599DaD8605e,1
0x4B192FD6AeA476531D9465C8d05A30aDdF1CdC9c,1
0x232839C4328bed1643714e1b3959CF99cD4C9876,1
0x1A8c1701e9Cb556Da88B74a37F8b14Bfd5B19ebD,1
0xa22f582E83b0f5aFb027Bc255C09F8564f56916e,1
0x9163Dc51142b2339ba156c4628059794DEB721B5,1
0xbaf6Fd885b16B7AeEa8832803aba09d0f69dEFe1,1
0x0d6dB2DEfEb29345f5F185329b305c814f34aeD6,1
0xaB9117Dbb34CA7e42BE0626a7598b5020CE19A0D,1
0xFB20aDd8C2437cc3995E9CbC5800989C68b978Aa,1
0x10BBAd85b0d79F279EDBb10b3DB5444C2E222C80,1
0x7677bA5f03b2Cd237e6d255fCB77893f94294337,1
0x5686fcd21BAe9998771fD44182557787509E7aC8,1
0x971C023A2dEA13197bBD986a7519D64F1d2D0a0C,1
0x131755C1A8f5339282E843a2F359C38b394f2442,1
0xb34F6D581529A107841D35b294C69450E2064A54,1
0xf04bD9c8F162a078afEfAA4E348A8675A4fA26ae,1
0x3fA7C200De44f86Ca79B533dbB9A21907772ffD0,1
0x69Df768C287e8f0d3013C21C49f00B965DEE550E,1
0xA4171014032635b775B493E45CE54F193002E063,1
0xE6D1b9a77B53a1Eb224Fd2CB0b3b92f358344991,1
0x2bBf5aE0560e5046a503e6888f4c520CBdeba6a6,1
0x98b33C4B859Abd8E89e3CC3FD90fA368A8c0747A,1
0xF0078bBaC758fCaBF3E9d7a2B9c21F5fF81b6015,1
0xb1488413a93dBDA8eE8584Ab435DdABF9f8dF532,1
0xA887Db12DE3640eE77C6Fd3bb81E12a0CA8bb307,1
0x1587c94817bfaA7172F6c82e03bB2Ac3a5aD6102,1
0xD8d863B71340d6E4277011672C305768E156A7d5,1
0x0A97E95E9C2065862769b5d7C4249699f1110Cb1,1
0xd45892B505af19Ddae3fd4b620b30afdBE8A6184,1
0x23C17b2FE71220DAa0a248B51dc0e66a3952193c,1
0x0De2af5d27ded1dE2570fFd0c62496c625b78085,1
0xB6C567A0a1B88293e803f2db1BC9bCd77487C2bF,1
0xa82b37619ff853ad8E19d8125B542D84b0792Fb7,1
0xBE819A1F9C88A60ABC645f2917c2E511603c519E,1
0x17166fc2B81B21cC592F61F8003Ed1f470962A0E,1
0x62187287362032DAEB9b6e5f695D76B522EDe5d4,1
0x6eA6A26f721d99f3DA10aeECD90450B30E8785e7,1
0x70145170880d567FdF32CaFDd398B7CD7Cf7a267,1
0x7E178507c4Cf364BA5ea0a19F7b5cea1D304B39D,1
0x2F8aa6943f04Bd1D7EaB4d358fC507d010630785,1
0x1b319e3f01805Ff2c54234868732F90d3c20E67D,1
0x19FC1b0697Ea155A96b0824bD5a32492E01987Ab,1
0xFDC28c6F2C0116c75Ee5733CaAFF2C432E5DAccf,1
0x8b5Dbc54365e9a652657d8a6E3449f2D68B109B6,1
0xC5856bc2d69CfffBC3Df11926523A9d89b1f59D2,1
0xD8f47B07648F43cbCac55bb0BddBC46605290077,1
0x340659CbB81D4C437fb26D128dd9F957c1C362c5,1
0x1d77B661F2f3C82fA30F10aDe37aBc63Ca023bAd,1
0x11Cb619E62EFD142E986212c5555E59C492aC78A,1
0xF1F8ad99739fAEf11ae12b4bd9E79372A3deB2Ab,1
0x0C4e0fd6F253b5fFEF03E409559562b6A9efefD6,1
0x9F8f8106b85Ab02783057a0b6D2D59f34e305171,1
0xbfc25eD594bbbe6c1402ee7eddACAb60e732511E,1
0x80e1C68eBd51251cfbB86321ba1b76A79B84D5C9,1
0x3CF40Fe2d65Fc3921490d89c0303B6d0E9b95860,1
0x4E4E2C4E39693d3c79c1bD95e8Fb37332c20220b,1
0x782F119530AB139FCd9C9e70A0051611f954f0fc,1
0x0fb122228d710Ea0d49d914ed702660663c6b81f,1
0x8e4fEC38926D4C053feb98Cce4560dEBD1D2b6dA,1
0x7eA3fC962C2e0Ee15d85EF3C30f4caf0aED834ba,1
0x224f1db94D4c9498d28d186d677Aba53bD353C4d,1
0x36992150fD82d640d660FC373785638131028555,1
0x41Ce911683898c105841962Fa2368862d579bdbe,1
0x043DA36Aea1d78274717092be105D5ed2f71d4Ce,1
0xEea088Fe618C9F44BF5B678785A7b74a7925cCCC,1
0xDA5C7c33e8Ee13091A8982879c59aD65057DDD0B,1
0x7a9a55fB3D7341349e452691fe7F418Bd7cD3395,1
0xDA8d95Cdf11792975190F8b1D6E5431746c71926,1
0xC31495E1A7747550d3D7b19E2dcD282eaFbe955e,1
0xB909877F4Cf79f36323b898f6f52dC0AA53b2213,1
0xBCd8cCF2dcd93C3E4A6F96C6255739a58ECb2950,1
0x414F2eef7552E13D9E986A2078e9FdEeAd1a87fA,1
0xd677E39e2CF631Cc5128150aC0ee54Ea453e3256,1
0x1189838ad8D936361B996A7420c057F045C40D3b,1
0x72Dd867f119E044E31e6BD52E1fa6B7605dad4A4,1
0x0aB6AeD50075D0ebE5aE77C6AF58EEc3172bd4Cb,1
0x1E821aD3Ee97005F71a41eC6C26A1c817123ba52,1
0xebf9569679cD90e02b82f81FE95f65aBf3B8d376,1
0xFFA4ddE9632d0985E967AfeD28240Af0b137C4A9,1
0xF8AF7281093D8eC25466C4598a137CAbe81C080e,1
0xb7496e5d97f81924256152AD1ED22D8E91959343,1
0x1210dECB57171b68fee64FF6aB709b926c30e2dd,1
0xF9AAc6E9F76E14716CFA930D752566211bDf7d80,1
0xb478e0F1761D36C084244873e8bA87A764E0A660,1
0xB59C6d41c821F5EB55E382aEEc7d7abCC652EA68,1
0xAEE214AE29275DC6BCD51672791Ce29854057505,1
0xFf392DB3635C36b1D2aa23DBdB6a5FA0E18cEc79,1
0xdf5416A43Ee3ed5fb34503778A9B4D6dfb2F2449,1
0x64739640e38F55e6Bf1e72a3B10405395F71FB45,1
0x340c162e022A38dBBEa3BD52E3ce1486A3B01715,1
0x74D7fd1E80Cc96a395a38eD0a90305ccce1C8bC5,1
0x42Ff6e94f92bFBedD1357Ab99a867b1Cc82CA648,1
0x6CC90112C34e1fA4297046e4cf6cAE17E91D9b2d,1
0xecDEC8Bfe9AE54ae05B0C693689719CC0BC5efFC,1
0x7C8D2d0d4c0cbe324ab63cF7de83a3a714547355,1
0x730381cB1999A14f78f163c422f1a6E866021A06,1
0xd1759924dB799e9A9b9E97583e113f06266A2744,1
0xf40133B88Ae08f1be13920Cf4417Df1b37f2a01d,1
0xCae7A8Bc9F1C35421d9FCBe1dC5a71F3C0BFFf7C,1
0x3EBF3d0119afD55965dfFA334479E74436655F58,1
0x872DfA67E260fEdCaf5c4B410D47b587b5A71e82,1
0x683101e340E67c3dB68ED3104121E087F0c5d722,1
0xc2C39Ae8f8Cd5594045990FeB7e61A3EeE59E2Aa,1
0xE2B68A3c833E30EBd2aC91D36CeB5f7d8e4C9788,1
0x7FE764eBC3F984aC0eB46DD0F3Af439fcE40855a,1
0x114BF2581d1cE38Ba5Ffbfa1959fbaD96b0F7673,1
0x2e806251516d27005c75C1a5D3695E9DDa06809e,1
0xd04dc27C6746dFE073AA7f087060604EB42904eD,1
0x2b6F0c74ED6aeF9B0627f67A8Ff54465C5958E0B,1
0xCC1355A93f2E9a19707D88586FAb0c693a3b7621,1
0x5e158B4457d9f5e34fe03DfB13abf5FBf489fEF0,1
0x862B919686373dDc2B4Cd09eCF0955C605d63014,1
0xa84d16b756249B71174f5eEd74c0aC04fCcD0AcE,1
0x498E57a8A689523c957b79692D4DC81B7EAFD203,1
0x809d29bD76630eDf116e819D7dc920d9FB6727f9,1
0x359140e7554fbf283BE208Faa966DE0BD16F0C5d,1
0x8D657da9535ADbB3745653a83e026600e17eEAdB,1
0xAC1bB7DE0C4fE631DC137faCE25E6E9d2c0C49eE,1
0x4FdF8672beeB2C6f4D5FaE4C09678c5725452f62,1
0xDFf6b579Ccaf8B512Ab97EE94fc382D9674A39e4,1
0x5078110476Cd2Aa096160F2D988aE80aEaFB5Ae4,1
0xD96165c0Af44ea2396ecaB0dB8bC98754A5A24af,1
0x3D20435331A1f0731aF9C5a606c0D77F28021b3D,1
0xe3f60D597d16DAa62309F74Fee456Ec16dc9d412,1
0x87D9C2D9990A9f3A18F1377Ff20d9945F9eB3792,1
0xF79C329A2EB7e98E58a24178777b72Eb64306298,1
0xBcB491A4D74AECf01abe2F962A8310420928F2B1,1
0x53D9F4555AF543F296d3B99876699858c1e0C817,1
0x7aD760d9402Df0f78786cA0b323a911Cb1b6ee41,1
0xd27F244D916925EaC18f94E376DA45B3cfFf017D,1
0x3A3F509EdEC4C96b90d85f42C3DA21ee0Be6aF39,1
0x53F2cABe26b9e35F082b3261F4D8989D27f118F3,1
0x7e169d13ce552F8Ca3ECebB4AF8E396b0d6f1Fa6,1
0x60146c7c83809bf7761c5Fc7E26e1c94013BE029,1
0x3D6bfA54267217ACE109483cBF3f98e32C0c4BD7,1
0x513490509783C94c14cCed0e69224d1bd042fDc4,1
0x25682Af4CF048578D5a6A5Eb14B8C4DC8798DA68,1
0x7410f9D36995925e0990a7887482f3cCA5bd51f3,1
0x153Bff14b814d2D7D1Ca198Ee10eCEFFe3fe9d3E,1
0x54523306BA86a623B1423B23E007B999E4FFd315,1
0x43d9fd62015ffA5A15A9Fe45513A1F5aE238a3B7,1
0x3f98282FFBEA563d5ECef32E99dd46F127F7a0b7,1
0x1cd75A8387c0e36061b270af917AFb206634918c,1
0xc704b558A0Cc686F4aAC67100766AFDC57581cec,1
0xa21c74374Af12844497B92130F9f64f7bEF6095F,1
0x334e263037F9110F3c714a1125483421c8D6DE09,1
0xFfc0385b91a23469af1b612Cc036CBbA223384ED,1
0x4Da43615134d63792B08F75298DB4D07360D2173,1
0x494e3011d2b8D992334c5E8962ADfA3a3E5367Ff,1
0x8744464968476D27A10b3Ae93BCF9647844dce5B,1
0xb1C454961607269Db37B36Eb374B186F79d77Db0,1
0x5C62E2085175B8B26d3C70165F5b4BCdCA004768,1
0x6cc475445332917fDB999EDc36BbB92411004B49,1
0xc7951e30dD665B19bFefa3eBee3D0588aC8717CD,1
0xA153Ce5A93C6B968165Ea3d750eAF1181aB7e5A8,1
0xeB98f1aAE182aEa95E668888474bb4F237d8D257,1
0x590e64AA84D24AAa7874e74DccC6015E07350Fa9,1
0xC5308Ab56ecE31903f209064A3A6aDB6532f4341,1
0x6bD69AeA041B7a0120588180f6C3737a667ccBCa,1
0x212581F9295A987BA85Ab2d0e2E68282EB63b67e,1
0xBEFF5DC0941f1aef1cb01203D595EE76A88bCD38,1
0x707DCAbDC37bbAcb0B1959DC80A853fe6022290a,1
0x9642bc870937E088a7584a394A5e0c06B1CBa3d6,1
0x4718e39351c975Cfe59Ec3D8bD9F3EbF6526d696,1
0xefb3bB27B6ABa462185cBFe1F50E395e408e50b0,1
0x1da99C75ad78151e286ebe6deD4E86a754B6AEeE,1
0xE6071767BB3523B34392F698f7D36Daa94BD231C,1
0xBBa877A755719a978333D89007019fda7f1D1240,1
0x134fc9C075Cd7567e4844f21660316CAe8DcbD73,1
0x89F450a027847B2cEEF3AF7C3C9a00113b2565cB,1
0x55B73F8f770Af18FcF7Ba4F2Af2cacf188f6AC36,1
0xE01fB3655731419b8711532CA3E61981C64f83E3,1
0x7c6e086DafADA5443CCa22f730f4a29A834fa5B0,1
0x7b65E9a5C8f5B788D487A227039c8Dc51bFf6e33,1
0x99cc80559B8E86c5beD2230c9d3Faf4efa9402aa,1
0xb8fef4c53B570D08c952C6acD6D04Daf01773f7f,1
0xbf5ab1dfEebEb27c4922E991E3C465779EFBcFc8,1
0x26a6F7f767Aa8B3055e5D023bE23d3Bf7242f4F6,1
0x79bCDA09a0baF06E940e2A719A077eD1bA2cDbBd,1
0x376477Dd6d71085fF4D891e3eCbD0710d0E91FD1,1
0xAD15c6d0aab7884853F502a8f685AEB0c5993371,1
0xc2284b70b1449616Ac369C7D0779912047163187,1
0x3C4B643Bf808C81258c5D65235A35779A796f2a2,1
0x3F4Ed1c637D2A36Bef2f69e201be674113c316B9,1
0xB427B4DCfE996FE6366d184B4CE0e35d132C5c86,1
0xFeBeC31bDf1972c42E683476B89b40D9871A62f5,1
0xECc953EFBd82D7Dea4aa0F7Bc3329Ea615e0CfF2,1
0xd6e244517df66E7Bcd8675Da717aB76E1e3C77bb,1
0x24fea3BF09FC3319061F69184b42156f931A8D1E,1
0x220d482B44F0A5048CbA7719048BdCBfD91B3c6a,1
0x33d18E0a1fC5F92B5417eF39D6468384bF8761F0,1
0xac95B6165745Ef8fCEb09111706f491AE5707Ef1,1
0x2C9BBE90F95D7bD897141b8Eb0BE0558e7398358,1
0xb85c213bAB8c3D3b506FCeB5761DCee9CBBC6B4D,1
0x8D6dE37f96a2eeC4B433B19EEB6183Bb59681046,1
0xCF64BD348aB2F2532c1fdd443ABB19eEAeE0351F,1
0x82f01Cf9d5A126d17f6b5476A64F24017EbcB805,1
0x375F03b769AF83E301524E58c8786cab5423BeeB,1
0x4788B779aB363BB000Ef39AFB48Ef1c394Ea7e2e,1
0x0FbAB34e188aC4e3DAE5eD028D6351085b455b08,1
0x746e2568a118EfCCF056F079C6CFDf4F4a0c583c,1
0x35A3B491fAfDb9c837F2776A1a768626343b0657,1
0x000ed7Ba5fc23a5620c30Ba68011748bB36B81a0,1
0xA201C90419124cdeBfb7fB7D2d289793c9bc5360,1
0x7351415de2c2a9287301D76fdD50cDC1181Bc6a0,1
0xb49f4cF892a542a1cC0F246E9DEb684f19722Dd0,1
0x075679482C3a907Cc65F3Caf567491C1f3409C3c,1
0xcDbDfCEF716aa9806a09d6C58ABe3a1f69866AC2,1
0xfD2aeE80cfB70ef2DdD89f86d6640248CD16F949,1
0xa43a8B5CA81CCfEde49c7435d2cD89cD12E12845,1
0x9827929B310ca4E0b525CCf00333C90a16720dA8,1
0x7BD1A11Ff0a334E48a1138125902cD7c8e3638f6,1
0x7a0E665CC714cD9f548A1A185E3dcF45D6E46109,1
0x427a9155b11b7b12F98ed8F004cB908796628a20,1
0x199f2d161cf57762724510A475121D6Bb1D9d5bB,1
0xb09Bd9913116C111552830cF93EF5B7f0F0158B6,1
0x5B2308D500330F8a954c4b1652d444035d0ADEE9,1
0xFFeb8e8FC0A4875F3c9Cb81a8974d72624311137,1
0x0D2046B8A4341051Ac4537a94f0D99Ab401F630f,1
0x8f17349218343b414a90eb0F568DFa53a887a3d6,1
0x562EB04c35eED1D26eAd04943D4B9DAa3484d374,1
0x38fFC1BA00005bA6D5294A364fB583df16d09F9b,1
0x13f978B1E93153f722A477c03f3b57e8DD69611b,1
0x376837BaAb5cdf618EDa2eBc73b78eB5097608B3,1
0x6Ab3d7658375ecA5b3EC8698452A2DebA5c84907,1
0xEFE29FD60Ad5dC90700d9bc33456Ef57cd4874c2,1
0xBC3E746c622a4B8B3f70fcf43C0ff0d4c66452FE,1
0x50eE0918304a635d1d97Cc532850a9EEb4Ef417f,1
0x2338FDe01E48593d68818183A9f99c2dde6c49fC,1
0xfF30b32c7E7da16CC7cD100A54ecd77b103D1A1C,1
0xa6A7b9470ad83c6250fb922507454B8Ba5da0ec0,1
0xD1e06ABd49fd6892C3EC4856952752D06419fd7f,1
0xAaB3B468fcDfc1Ef3e029BA8a7C4f1c5dBCC047f,1
0xFe9418C75D061f758446E8e78433deEa86b213f3,1
0xbF6CB050941a12305ccADbc594B5fE46290efaFB,1
0xf674772aCc49eB57960784857b4eF27944a2D94b,1
0xF1Dffc32CF0C5244786e1CAda914DC0f5A559931,1
0x37B8EF33cBDb46B4B37437A13eb7F26Aa7CFA380,1
0x128756bB65379367Dc65f1cEb9d6c0167814a8De,1
0x9a5270Ee4793B3D9d751349Dd4a25D3dEd2315d7,1
0xCC34cd61C3c9477a32eA3143482f139519288E2E,1
0x4eDCc4a5D5C1deabbB348E2762e0d6c81ad4045b,1
0x30E0C3cC92bFeef8b22Fb9988C358116E83df005,1
0x02883dE6CFc95FcA8275955659c4FDab61425AB6,1
0xB0A86Cc60DdeFedC9d82f48Fd1cD97aC077F3875,1
0x928f07ECb3C923f6197fD537dbd8abB579fcCF52,1
0x5E36d34a4Cd0ce20C532b259aef3f6656597e87E,1
0x3397a62Fe0Ab527dAf8a2CD238B521f46a5a8951,1
0xa73018C8c64D8b58f692da632255C8ac907C8d58,1
0xBf8c3De038F263b0d859F43b9DffF21212E852Ab,1
0x04151557ee83210D3a799469A4De5DA5B01D87Cf,1
0xb4b977f93B260BA5Aa46f5bB054ACf31Eea241b8,1
0xD500B8462Be1b5FD21Faca2De1475537e8CB1115,1
0xfFDF6D53300FE2cd5C72b29CF4155F33D423840e,1
0x92353D9186a1d02bE280F55C8A563762A9Edc100,1
0x84DA34974f076c9Ea0CA81e0e0Bd701FC12887C0,1
0xf3109730080040C6dfD2c58f665f9B5a5397CC7e,1
0xC858Dd4F2a80a859D491A16BeEe6708a6743bfb7,1
0x93dc9d73993A1bd57332327aEF70fF789CdC980E,1
0x5400A7C562E21e50f048b0e99a016FfAF82a6de3,1
0x81c99765fF7368bC2A8cc3A7A5F290EEbfa639c3,1
0x46D1bb9f42ca7736A9B7232D10048884913f21B6,1
0x7AD4b10bFDCFa4080d1453204bb67E56Cbfbe98B,1
0x1261e144Cd43d6DB5f0Ea4F51d6456aE39E46d71,1
0xb5b33fBb875BE58abBA3290532f2E83BA7a1F788,1
0x25A03920F9Bea6a0905b3aFF5C58Cf7770184a48,1
0xc35c6904fF9fBEdebCF6da5e6b1cAcc0BB08A0d7,1
0xf058B7035338889d50Bd820143ee319c44B24b8F,1
0xdfE28fAEeDD1f7d0f9B516453D7a44b3986b3991,1
0xaA9A032A5EA2392a9b5719B0213BD86f09711b3d,1
0x94dba451859c6eaD8c4A9f8E7706181A81462acc,1
0x857cA617571BC47B09F6C6CEb8d9cCe278ff3Fb3,1
0xAA7FFE3Ad9e101167C558548CC5c83b5C6c126Bf,1
